N° ATA;ANO;PREGÃO;N° PROCESSO;OBJETO;EMPRESA;VALOR PREVISTO;VALOR HOMOLOGADO;PERCENTUAL ECONOMIA;REGIME LEGAL;
01;2024;31/2023;19.21.0011.0027066/2023-34;Vídeos Institucionais;Arruda Produções, Eventos e Viagens LTDA;R$ 163.216,60;R$ 110.000,00;32,60%;LEI_10.520/02;
02;2024;37/2023;19.21.0428.0030923/2023-26;Toners;VTEX INFORMATICA LTDA (LOTE 1) E HR COMERCIO E SERVICOS EIRELLI-EPP (LOTES 3, 4 E 5);R$ 213.131,60;R$ 143.757,38;32,55%;LEI_10.520/02;
03;2024;43/2023;19.21.0010.0022501/2022-20;Gestão de Frota;LINK CARD ADMINISTRADORA DE BENEFICIOS LTDA;R$ 2.422.368,00;R$ 2.168.736,00;10,47%;LEI_10.520/02;
04;2024;38/2023;19.21.0428.0029821/2023-98;Água Mineral;LAIS G DE SOUSA LTDA (G1 a G3) e SERVSUPR SERVICOS ADMINISTRATIVOS LTDA (G4 a G6);R$ 396.559,00;R$ 203.880,00;48,59%;LEI_10.520/02;
05;2024;90002/2024;19.21.0427.0037173/2023-71;Ar Condicionado;BT COMÉRCIO INTELIGENTE LTDA (Itens 1 e 4);R$ 153.197,30;R$ 126.960,00;17,13%;LEI_14.133/21;
06;2024;90002/2024;19.21.0427.0037173/2023-71;Ar Condicionado;SUPERAR LTDA (Item 2);R$ 77.000,07;R$ 62.412,00;18,95%;LEI_14.133/21;
07;2024;90002/2024;19.21.0427.0037173/2023-71;Ar Condicionado;LICITTA PRODUTOS LTDA (Item 3);R$ 61.281,75;R$ 58.361,55;4,77%;LEI_14.133/21;
08;2024;90002/2024;19.21.0427.0037173/2023-71;Ar Condicionado;SUL ÁGUA EQUIPAMENTOS LTDA (Item 5);R$ 56.621,82;R$ 45.799,22;19,11%;LEI_14.133/21;
09;2024;90002/2024;19.21.0427.0037173/2023-71;Ar Condicionado;AMENA CLIMATIZAÇÃO LTDA (Iem 6);R$ 59.739,24;R$ 55.142,16;7,70%;LEI_14.133/21;
10;2024;90002/2024;19.21.0427.0037173/2023-75;Ar Condicionado;M. DA C. TELES ALBUQUERQUE COM. DE ELETRÔNICOS - ME (Itens 7 e 8);R$ 17.602,18;R$ 16.289,00;7,46%;LEI_14.133/21;
11;2024;90010/2024;19.21.0431.0004128/2024-17;Cercas Elétricas;Radnor Engenharia e Telecomunicação LTDA (Lote 1, 2, 3 e 4);R$ 250.536,03;R$ 234.086,48;6,57%;LEI_14.133/21;
12;2024;90008/2024;19.21.0428.0015726/2024-32;Água Mineral;LAÍS G DE SOUSA - EIRELI;R$ 292.104,00;R$ 103.845,00;64,45%;LEI_14.133/21;
13;2024;90009/2024;19.21.0010.0029786/2023-38;Terceirizados - Agente de Limpeza;MASTER FACILITIES LTDA;R$ 7.454.890,32;R$ 6.374.993,28;14,49%;LEI_14.133/21;
14;2024;90004/2024 ;19.21.0427.0000789/2024-20; Material permanente ;ELETROSOL MULTISERVIÇOS LTDA (Lote 2);R$ 26.948,16;R$ 24.080,00;10,64%;LEI_14.133/21;
15;2024;90004/2024;19.21.0427.0000789/2024-20; Material permanente ;ARGON ASSESSORIA COMERCIO E DISTRIBUICAO LTDA (Lote 3);R$ 11.342,80;R$ 10.324,75;8,98%;LEI_14.133/21;
16;2024;90004/2024;19.21.0427.0000789/2024-20; Material permanente ;LM PEREIRA LICITA (Lote 4 e 5);R$ 44.282,23;R$ 38.991,69;11,95%;LEI_14.133/21;
17;2024;90004/2024;19.21.0427.0000789/2024-20; Material permanente ;XD CONSTRUÇÕES LTDA (Lote 6) ;R$ 2.774,46;R$ 2.744,28;1,09%;LEI_14.133/21;
18;2024;90004/2024;19.21.0427.0000789/2024-20; Material permanente ;Didaque Empreendimentos Ltda - ME (Lote 7);R$ 9.161,40;R$ 8.005,00;12,62%;LEI_14.133/21;
19;2024;90004/2024;19.21.0427.0000789/2024-20; Material permanente ;Nova Mix Ltda (Lote 10);R$ 6.704,36;R$ 6.138,00;8,45%;LEI_14.133/21;
20;2024;90005/2024;19.21.0431.0006764/2024-43; Sondagem e Topografia ;Solomax;R$ 404.500,00;R$ 303.375,00;25,00%;LEI_14.133/21;
21;2024;90011/2024;19.21.0016.0005013/2024-98; Serviços de computação em nuvem  ;READY TECNOLOGIA DA INFORMACAO LTDA;R$ 19.700.000,00;R$ 12.920.000,00;34,42%;LEI_14.133/21;
22;2024;90007/2024;19.21.0428.0013512/2024-58; Material de expediente ;SERVIPLAS PRODUTOS E SERVIÇOS LTDA;R$ 38.540,00;R$ 32.076,00;16,77%;LEI_14.133/21;
23;2024;90007/2024;19.21.0428.0013512/2024-58; Material de expediente ;MIKROSHOP COMÉRCIO SOLUÇÕES E TECNOLOGIA LTDA;R$ 17.251,48;R$ 15.060,50;12,70%;LEI_14.133/21;
24;2024;90007/2024;19.21.0428.0013512/2024-58; Material de expediente ;ODIMILSOM ALVES PEREIRA - EPP;R$ 107.940,00;R$ 53.400,00;50,53%;LEI_14.133/21;
25;2024;90012/2024;19.21.0427.0007052/2024-87; Equipamentos de segurança eletrônica ;COLBAN SEGURANÇA ELETRÔNICA LTDA-ME (Lotes I, IV, V);R$ 109.774,90;R$ 98.455,10;10,31%;LEI_14.133/21;
26;2024;90012/2024;19.21.0427.0007052/2024-87; Equipamentos de segurança eletrônica ;L F Comércio de Eletrônicos Ltda ;R$ 73.982,05;R$ 62.160,00;15,98%;LEI_14.133/21;
27;2024;90012/2024;19.21.0427.0007052/2024-87; Equipamentos de segurança eletrônica ;Compras Públicas Consultoria e Distribuição Ltda ;R$ 28.745,60;R$ 28.744,60;0,00%;LEI_14.133/21;
28;2024;90012/2024;19.21.0427.0007052/2024-87; Equipamentos de segurança eletrônica ;RADD COMÉRCIO DE ELETRÔNICOS LTDA  (Lote VI);R$ 12.565,40;R$ 12.565,40;0,00%;LEI_14.133/21;
01;2025;90019/2024;19.21.0016.0011068/2024-58; Nobreaks, baterias e mousepads ;Ata Sistemas de Energia Ltda;R$ 178.000,00;R$ 96.300,00;45,90%;LEI_14.133/21;
02;2025;90019/2024;19.21.0016.0011068/2024-58; Nobreaks, baterias e mousepads ;Power Tech Solucoes Industriais Ltda;R$ 47.000,00;R$ 38.315,00;18,48%;LEI_14.133/21;
03;2025;90019/2024;19.21.0016.0011068/2024-58; Nobreaks, baterias e mousepads ;Army Baterias Ltda ;R$ 9.110,40;R$ 8.832,00;3,06%;LEI_14.133/21;
04;2025;90019/2024;19.21.0016.0011068/2024-58; Nobreaks, baterias e mousepads ;Max Quality Comércio Ltda ;R$ 2.742,00;R$ 2.692,80;1,79%;LEI_14.133/21;
05;2025;90023/2024;19.21.0428.0030783/2024-20; Aquisição de água mineral natural ; J VICTOR DOS S BRITO ME;R$ 50.650,00;R$ 33.750,00;33,37%;LEI_14.133/21;
06;2025;90023/2024;19.21.0428.0030783/2024-21; Aquisição de água mineral natural ;A B F DE SOUSA SANTOS LTDA (lotes II e III);R$ 89.620,00;R$ 69.600,00;22,34%;LEI_14.133/21;
07;2025;90017/2024;19.21.0428.0015721/2024-70; Aquisição de material de higiene e limpeza ;Conceito Multiservice Ltda;R$ 221.440,31;R$ 172.047,91;22,31%;LEI_14.133/21;
08;2025;90017/2024;19.21.0428.0015721/2024-70; Aquisição de material de higiene e limpeza ;Dional Distribuidora de Produtos Ltda;R$ 64.991,90;R$ 55.240,00;15,00%;LEI_14.133/21;
09;2025;90017/2024;19.21.0428.0015721/2024-70; Aquisição de material de higiene e limpeza ;ARP CANCELADA - MVP Comércio e Serviços;R$ 270.825,28;R$ 200.119,52;26,11%;LEI_14.133/21;
10;2025;90017/2024;19.21.0428.0015721/2024-70; Aquisição de material de higiene e limpeza ;57.723.039 Polliana Monteiro de Sousa;R$ 101.674,13;R$ 70.180,00;30,98%;LEI_14.133/21;
11;2025;90014/2024;19.21.0427.0022332/2024-68; Aquisição de portais detectores de metais ;SENSORIAL DETECTORES DE SEGURANÇA LTDA;R$ 255.245,00;R$ 153.450,00;39,88%;LEI_14.133/21;
12;2025;90018/2024;19.21.0431.0024946/2024-46; Serviços de manutenção predial ;MULTPAR SERVIÇOS DE CONSTRUÇÃO LTDA;R$ 4.731.857,87;R$ 3.155.994,85;33,30%;LEI_14.133/21;
13;2025;90018/2024;19.21.0431.0024946/2024-46; Serviços de manutenção predial ;COINSTEL CONSTRUÇÕES E INSTALAÇÕES EIRELI;R$ 1.856.612,50;R$ 1.149.997,68;38,06%;LEI_14.133/21;
14;2025;90018/2024;19.21.0431.0024946/2024-46; Serviços de manutenção predial ;MQ EMPREENDIMENTOS LTDA;R$ 8.170.069,38;R$ 5.618.210,32;31,23%;LEI_14.133/21;
15;2025;90001/2025;19.21.0428.0015724/2024-86; Aquisição de material de gêneros alimentícios e copa ;LAÍS G DE SOUSA – EIRELI;R$ 328.623,40;R$ 260.350,00;20,78%;LEI_14.133/21;
16;2025;90002/2025;19.21.0428.0015723/2024-16; Aquisição de toners ;REPREMIG – REPRESENTAÇÃO E COMÉRCIO DE MINAS GERAIS LTDA;R$ 119.513,16;R$ 72.891,00;39,01%;LEI_14.133/21;
17;2025;90002/2025;19.21.0428.0015723/2024-16; Aquisição de toners ;HR COMÉRCIO E SERVIÇOS EIRELLI-EPP;R$ 13.279,24;R$ 9.190,00;30,79%;LEI_14.133/21;
18;2025;90004/2025;19.21.0016.0019441/2024-94; Cofres de senhas ;ARVVO TECNOLOGIA, CONSULTORIA E SERVIÇOS LTDA;R$ 174.871.178,86;R$ 130.599.045,00;25,32%;LEI_14.133/21;
19;2025;90005/2025;19.21.0427.0044614/2024-48; Aquisição de aparelhos de ar-condicionado  ;VENTISOL DA AMAZÔNIA INDÚSTRIA DE APARELHOS ELÉTRICOS LTDA;R$ 427.363,18;R$ 311.862,00;27,03%;LEI_14.133/21;
20;2025;90005/2025;19.21.0427.0044614/2024-48; Aquisição de aparelhos de ar-condicionado  ;TECNOBLU COMÉRCIO DE REFRIGERAÇÃO LTDA;R$ 79.978,27;R$ 79.978,27;0,00%;LEI_14.133/21;
21;2025;90005/2025;19.21.0427.0044614/2024-48; Aquisição de aparelhos de ar-condicionado  ;ELITE TECH SUPRIMENTOS LTDA;R$ 73.867,36;R$ 69.713,99;5,62%;LEI_14.133/21;
22;2025;90003/2025;19.21.0428.0015722/2024-43; Aquisição de materiais de manutenção predial e construção  ;LG – LAÍS G DE SOUSA – EIRELI;R$ 454.188,38;R$ 350.778,17;22,77%;LEI_14.133/21;
23;2025;90007/2025;19.21.0427.0044232/2024-80; Aquisição de material permanente (mobiliário em geral com montagem inclusa) ;HOMEOFFICE MÓVEIS LTDA;R$ 315.833,18;R$ 253.362,92;19,78%;LEI_14.133/21;
24;2025;90007/2025;19.21.0427.0044232/2024-80; Aquisição de material permanente (mobiliário em geral com montagem inclusa) ;SERRA MOBILE INDÚSTRIA E COMÉRCIO LTDA;R$ 376.720,20;R$ 327.048,80;13,19%;LEI_14.133/21;
25;2025;90007/2025;19.21.0427.0044232/2024-80; Aquisição de material permanente (mobiliário em geral com montagem inclusa) ;GRATITUDE COMÉRCIO E SERVIÇOS EM MÓVEIS LTDA;R$ 35.702,80;R$ 32.224,50;9,74%;LEI_14.133/21;
26;2025;90007/2025;19.21.0427.0044232/2024-80; Aquisição de material permanente (mobiliário em geral com montagem inclusa) ;HOMEOFFICE CADEIRAS LTDA;R$ 259.147,65;R$ 223.230,00;13,86%;LEI_14.133/21;
27;2025;90016/2024;19.21.0016.0016737/2024-61; Aquisição de computador, notebook e tablet (equipamentos de TIC) ;LÍDER NOTEBOOKS LTDA;R$ 5.763.362,00;R$ 4.919.400,00;14,64%;LEI_14.133/21;
28;2025;90016/2024;19.21.0016.0016737/2024-61; Aquisição de computador, notebook e tablet (equipamentos de TIC) ;MICROSENS S.A.;R$ 358.037,50;R$ 288.700,00;19,37%;LEI_14.133/21;
29;2025;90013/2025;19.21.0016.0016802/2025-49; Aquisição de equipamentos de TIC (HD, SSD, Fones, Webcans, etc). ;Maryleide Fonseca Almeida Ltda;R$ 223.472,00;R$ 209.000,00;6,48%;LEI_14.133/21;
30;2025;90013/2025;19.21.0016.0016802/2025-49; Aquisição de equipamentos de TIC (HD, SSD, Fones, Webcans, etc). ;Mikroshop Comércio Soluções e Tecnologia Ltda;R$ 31.811,60;R$ 15.183,60;52,27%;LEI_14.133/21;
31;2025;90014/2025;19.21.0016.0018881/2025-79; Aquisição de Apple iMacs (equipamentos de TIC) ;Mc Tec Informática Ltda;R$ 533.180,00;R$ 419.600,00;21,30%;LEI_14.133/21;
32;2025;90006/2025;19.21.0010.0043294/2024-39;Dedetização;AMV SERVIÇOS E CONSERVAÇÃO – LTDA;R$ 133.022,58;R$ 26.013,31;80,44%;LEI_14.133/21;
33;2025;90006/2025;19.21.0010.0043294/2024-39;Dedetização;G SOARES DA COSTA;R$ 14.780,28;R$ 3.218,80;78,22%;LEI_14.133/21;
34;2025;90006/2025;19.21.0010.0043294/2024-49;Dedetização;MARANATA SERVIÇOS E MANUTENÇÃO LTDA.;R$ 131.797,05;R$ 29.288,24;77,78%;LEI_14.133/21;
35;2025;90012/2025;19.21.0428.0013343/2025-59;Toners;MVS CARTUCHOS LTDA.;R$ 232.819,00;R$ 143.310,00;38,45%;LEI_14.133/21;
36;2025;90020/2025;19.21.0427.0005978/2025-79;Eletroeletrônicos;Amena Climatização Ltda;R$ 73.556,46;R$ 65.668,01;10,72%;LEI_14.133/21;
37;2025;90020/2025;19.21.0427.0005978/2025-79;Eletroeletrônicos;A.C.V Dornelles;R$ 53.523,92;R$ 53.272,00;0,47%;LEI_14.133/21;
38;2025;90020/2025;19.21.0427.0005978/2025-79;Eletroeletrônicos;G M S Abreu e Comércio Ltda;R$ 40.413,00;R$ 40.367,00;0,11%;LEI_14.133/21;
39;2025;90020/2025;19.21.0427.0005978/2025-79;Eletroeletrônicos;Prospera Comércio Ltda;R$ 45.577,75;R$ 39.356,75;13,65%;LEI_14.133/21;
40;2025;90020/2025;19.21.0427.0005978/2025-79;Eletroeletrônicos;Sorelle Comércio de Eletros e Equipamentos Ltda;R$ 50.278,50;R$ 39.915,18;20,61%;LEI_14.133/21;
41;2025;90020/2025;19.21.0427.0005978/2025-79;Eletroeletrônicos;VLF Máquinas e Soluções Empresarias Ltda ME;R$ 50.651,10;R$ 28.500,00;43,73%;LEI_14.133/21;
42;2025;90017/2025;19.21.0016.0019128/2025-06;Fábrica de software;Águia Net Consultoria Estratégica Ltda;R$ 4.799.940,00;R$ 2.113.200,00;55,97%;LEI_14.133/21;
43;2025;90024/2025;19.21.0016.0030965/2025-22;Equipamentos de TIC;L N CASTAGNARO LTDA;R$ 322.140,00;R$ 256.020,00;20,53%;LEI_14.133/21;
44;2025;90024/2025;19.21.0016.0030965/2025-22;Equipamentos de TIC;MAKIN COMERCIO ELETRONICO LTDA;R$ 129.208,00;R$ 80.000,00;38,08%;LEI_14.133/21;
45;2025;90024/2025;19.21.0016.0030965/2025-22;Equipamentos de TIC;VIP IMPORTACAO E COMERCIO DE PRODUTOS LTDA;R$ 77.850,00;R$ 76.888,00;1,24%;LEI_14.133/21;
46;2025;90019/2025;19.21.0010.0001572/2025-69;Letreiros, placas e totens;Nilton Pereira Barroso – ME (Divergente comunicação visual);R$ 552.954,56;R$ 332.580,00;39,85%;LEI_14.133/21;
47;2025;90019/2025;19.21.0010.0001572/2025-69;Letreiros, placas e totens;Fortes Comunicação Visual Ltda;R$ 55.475,24;R$ 35.169,00;36,60%;LEI_14.133/21;
48;2025;90016/2025;19.21.0016.0025660/2025-85;Sistema de Armazenamento de Dados do tipo All-Flash NVMe;Arvvo Tecnologia, Consultoria E Serviços Ltda;R$ 3.165.704,37;R$ 2.973.000,00;6,09%;LEI_14.133/21;
49;2025;90018/2025;19.21.0016.0011978/2025-26;Licenciamento para proteção de dispositivos do MPPI;DISRUPTEC BRASIL LTDA;R$ 15.277.037,64;R$ 11.530.740,00;24,52%;LEI_14.133/21;
50;2025;90023/2025;19.21.0428.0028798/2025-68;Material de higiene e limpeza;EB Distribuidora Ltda;R$ 464.033,65;R$ 302.543,55;34,80%;LEI_14.133/21;
51;2025;90023/2025;19.21.0428.0028798/2025-68;Material de higiene e limpeza;Laís G de Sousa – Eireli;R$ 131.158,03;R$ 72.424,70;44,78%;LEI_14.133/21;
52;2025;90023/2025;19.21.0428.0028798/2025-68;Material de higiene e limpeza;E Pacheco Lopes Filho;R$ 96.788,55;R$ 68.967,00;28,74%;LEI_14.133/21;
53;2025;90023/2025;19.21.0428.0028798/2025-68;Material de higiene e limpeza;BQS Distribuidora Ltda;R$ 57.791,00;R$ 32.333,50;44,05%;LEI_14.133/21;
54;2025;90021/2025;19.21.0016.0014826/2025-51;Contratação de solução integrada NGFW (Firewall);NTSEC SOLUÇÕES EM TELEINFORMÁTICA LTDA;R$ 14.844.877,10;R$ 11.410.760,90;23,13%;LEI_14.133/21;
01;2026;90025/2025;19.21.0785.0027502/2025-23;Terceirizados (Convênio);CANAÃ FACILITIES LTDA;R$ 2.049.844,08;R$ 1.829.209,68;10,76%;LEI_14.133/21;
02;2026;90005/2026;19.21.0428.0040302/2025-54;Gêneros alimentícios e Copa;LG – LAÍS G DE SOUSA LTDA;R$ 88.014,00;R$ 72.394,50;17,75%;LEI_14.133/21;
03;2026;90005/2026;19.21.0428.0040302/2025-54;Gêneros alimentícios e Copa;PHOENIX COMERCIAL LTDA;R$ 430.227,00;R$ 326.106,00;24,20%;LEI_14.133/21;
04;2026;90003/2026;19.21.0010.0032158/2025-08;Terceirizados;Master Facilities Ltda.;R$ 18.032.539,92;R$ 15.280.443,36;15,26%;LEI_14.133/21;
05;2026;90001/2026;19.21.0431.0035496/2025-82;Sondagem e Topografia;ARAGÃO E TEIXEIRA ARQUITETURA E ENGENHARIA LTDA;R$ 32.400,00;R$ 26.880,00;17,04%;LEI_14.133/21;
06;2026;90001/2026;19.21.0431.0035496/2025-82;Sondagem e Topografia;AVTEC ENGENHARIA LTDA;R$ 107.220,00;R$ 81.075,20;24,38%;LEI_14.133/21;
07;2026;90001/2026;19.21.0431.0035496/2025-82;Sondagem e Topografia;"MARQUES DUARTE ENGENHARIA E ADMINISTRAÇÃO DE
OBRAS LTDA";R$ 25.080,00;R$ 18.780,00;25,12%;LEI_14.133/21;
08;2026;90001/2026;19.21.0431.0035496/2025-82;Sondagem e Topografia;TERRA SOL ENGENHARIA LTDA;R$ 113.000,00;R$ 92.400,00;18,23%;LEI_14.133/21;
09;2026;90001/2026;19.21.0431.0035496/2025-82;Sondagem e Topografia;PROJESOL ENGENHARIA LTDA;R$ 260.000,00;R$ 195.000,00;25,00%;LEI_14.133/21;
10;2026;90003/2026;19.21.0010.0032158/2025-08;Terceirizados;COMSERV SERVIÇOS E ENGENHARIA EIRELI;R$ 6.541.199,28;R$ 5.680.701,27;13,16%;LEI_14.133/21;
11;2026;90003/2026;19.21.0010.0032158/2025-08;Terceirizados;ALFA GESTÃO DE RECURSOS HUMANOS LTDA;R$ 8.194.228,56;R$ 7.184.769,12;12,32%;LEI_14.133/21;
12;2026;90004/2026;19.21.0431.0047575/2025-63;Serviços de conservação e manutenção predial ;INOVARE ENGENHARIA LTDA;R$ 12.174.784,87;R$ 8.584.900,00;29,49%;LEI_14.133/21;
13;2026;90004/2026;19.21.0431.0047575/2025-63;Serviços de conservação e manutenção predial ; JE ESQUADRIAS DE FERRO E ALUMÍNIO LTDA;R$ 3.449.175,37;R$ 2.442.016,12;29,20%;LEI_14.133/21;
14;2026;90007/2026;19.21.0431.0028801/2025-39;Aquisição, instalação e manutenção de cercas elétricas;DOUBLE SOLUÇÕES E TECNOLOGIA ;R$ 330.209,40;R$ 330.209,40;0,00%;LEI_14.133/21;
15;2026;90012/2026;19.21.0016.0010989/2026-51;Aquisição de suprimentos e ferramentas de TIC ;RRM SERVIÇOS E COMÉRCIOS DE CARTUCHOS LTDA;R$ 3.671,70;R$ 3.667,70;0,11%;LEI_14.133/21;
16;2026;90012/2026;19.21.0016.0010989/2026-51;Aquisição de suprimentos e ferramentas de TIC ;ELETROQUIP COMÉRCIO E LICITAÇÕES LTDA;R$ 5.092,50;R$ 4.449,00;12,64%;LEI_14.133/21;
17;2026;90012/2026;19.21.0016.0010989/2026-51;Aquisição de suprimentos e ferramentas de TIC ;DOMINI TELECOM LTDA;R$ 95.526,00;R$ 91.001,50;4,74%;LEI_14.133/21;
18;2026;90016/2026;19.21.0427.0001042/2026-70;Aquisição de equipamentos de segurança eletrônica, vídeo monitoramento (CFTV), controle de acesso e alarme;L F COMÉRCIO DE ELETRÔNICOS LTDA;R$ 51.784,28;R$ 37.323,08;27,93%;LEI_14.133/21;
19;2026;90016/2026;19.21.0427.0001042/2026-70;Aquisição de equipamentos de segurança eletrônica, vídeo monitoramento (CFTV), controle de acesso e alarme;L F DE LIMA;R$ 68.891,68;R$ 67.520,00;1,99%;LEI_14.133/21;
20;2026;90016/2026;19.21.0427.0001042/2026-70;Aquisição de equipamentos de segurança eletrônica, vídeo monitoramento (CFTV), controle de acesso e alarme;DOUBLE SOLUÇÕES E TECNOLOGIA;R$ 19.614,07;R$ 19.110,08;2,57%;LEI_14.133/21;
21;2026;90014/2026;19.21.0016.0012454/2026-72;" Aquisição de equipamentos de TIC (Nobreaks
e Baterias)";BRIMAX COMÉRCIO E REPRESENTAÇÕES LTDA;R$ 54.341,16;R$ 40.248,64;25,93%;LEI_14.133/21;
22;2026;90010/2026;19.21.0016.0006277/2026-11;Aquisição de monitores e notebooks, com mochila e mouse;TORINO INFORMÁTICA LTDA;R$ 169.000,00;R$ 79.820,00;52,77%;LEI_14.133/21;
23;2026;90010/2026;19.21.0016.0006277/2026-11;Aquisição de monitores e notebooks, com mochila e mouse;LF INFORMÁTICA LTDA;R$ 26.000,00;R$ 14.200,00;45,38%;LEI_14.133/21;
