item_id,codigo_antes,codigo_depois,descricao
545,L26-CAA-7,PCA-A6A4-2026,Ribbon de resina
544,L26-CAA-6,PCA-2233-2026,Purificador de água
1052,L26-CAA-352,PCA-80FE-2026,Manutenção Preventiva e Corretiva com Fornecimento de Peças 
772,L26-CAA-208,PCA-2CB8-2026,Serviço Securitários para as Sedes da Procuradoria Geral de 
860,L26-CAA-221,PCA-F0BC-2026,GAVETEIRO VOLANTE COM 4 GAVETAS. DIMENSÕES: 400X470X620 MM(L
861,L26-CAA-222,PCA-4D96-2026,MESA RETANGULAR DIMENSÕES: 1200 X 600 X 740 MM(LXPXH)
862,L26-CAA-223,PCA-11DB-2026,MESA REUNIÃO REDONDA DIMENSÕES: 1200 X 740 MM
865,L26-CAA-226,PCA-AE17-2026,CADEIRA ESTOFADA FIXA
868,L26-CAA-229,PCA-E994-2026,"BEBEDOURO, TIPO COLUNA, PARA GARRAFÃO DE 20 LITROS"
876,L26-CAA-231,PCA-DEC4-2026,Serviços Continuados de Auxiliar Administrativo - Cidade de 
880,L26-CAA-235,PCA-F79C-2026,"Água mineral, natural, sem gás, em copo de 200ml, caixa com "
937,L26-CAA-292,PCA-CD36-2026,Frasco de plástico de 500 ml para Sabonete Liquido Com Valvu
923,L26-CAA-278,PCA-F5B1-2026,"Memória Portátil Microcomputador Capacidade Memória: 16 Gb, "
926,L26-CAA-281,PCA-D884-2026,"Papel Timbrado Folha Ofício A4, Gramatura 75G/M², Medindo 21"
932,L26-CAA-287,PCA-0CFF-2026,"Cera líquida, alto brilho, Resistente E Antiestático. Aplica"
573,L26-CAA-20,PCA-2D7F-2026,Aparelho Ar Condicionado Tipo: Split Hi Wall Capacidade Refr
867,L26-CAA-228,PCA-34B6-2026,CADEIRA SOB LONGARINA 03 LUGARES
904,L26-CAA-259,PCA-D4CD-2026,"Fita Adesiva - Material: Plástico Adesivo, Tipo: Rotuladora,"
869,L26-CAA-230,PCA-18FB-2026,contratação do posto de agente de limpeza para sede da Promo
936,L26-CAA-291,PCA-2192-2026,Borrifador Material: Plástico Aplicação: Acondicionar Soluçã
733,L26-CAA-171,PCA-0D2A-2026,"Frigobar, capacidade:120 l, tensão alimentação:110/220 v, co"
949,L26-CAA-304,PCA-AF35-2026,Limpa Vidro – Aspecto Físico: Líquido. Composição: Lauril Ét
738,L26-CAA-176,PCA-E4EE-2026,Suporte De Videocassete / Televisao Material: Aço Tipo: Pare
735,L26-CAA-173,PCA-5935-2026,"Forno micro-ondas, capacidade:30 l, voltagem:220 v, caracter"
543,L26-CAA-5,PCA-B615-2026,Aquisição de Plantas  Ornamentais e e vasos
539,L26-CAA-1,PCA-4C80-2026,Aquisição de tapetes em capacho
542,L26-CAA-4,PCA-DBCF-2026,"Serviços de manutenção preventiva e corretiva, com o forneci"
763,L26-CAA-201,PCA-F4D2-2026,"Letra metálica, material:aço inox, dimensões:15 x 10 x 3 cm,"
540,L26-CAA-2,PCA-555C-2026,Contratação de empresa especializada na prestação de serviço
546,L26-CAA-8,PCA-B42E-2026,Plaquetas em poliester (etiqueta adesiva)
764,L26-CAA-202,PCA-AE62-2026,"Letra metálica, material:aço inox, dimensões:20 x 15 x 3 cm,"
803,L26-CAA-215,PCA-BCF5-2026,Aquisição de Banco de Preço
938,L26-CAA-293,PCA-FC94-2026,"Cesto lixo Material: Plástico, Capacidade: 30 L, Característ"
939,L26-CAA-294,PCA-6DDC-2026,"Cesto Lixo Material: Plástico , Capacidade: 10 L, Caracterís"
940,L26-CAA-295,PCA-5861-2026,"Lixeira em aço inox, 20 litros com acionamento por pedal e c"
946,L26-CAA-301,PCA-64D2-2026,"Luva De Proteção Material: Nitrílica , Aplicação: Limpeza , "
947,L26-CAA-302,PCA-7F2C-2026,"Copo descartável - Material: Plástico, Capacidade: 180 ML. C"
952,L26-CAA-307,PCA-89B9-2026,Limpador Multiuso Instantâneo. Embalagem Frasco Com No Mínim
953,L26-CAA-308,PCA-1251-2026,Soda Cáustica Em Escamas Embalagem De 01 Kg.
954,L26-CAA-309,PCA-5B76-2026,"Limpa carpete, tapetes e estofados, indicado para remoção de"
957,L26-CAA-312,PCA-9175-2026,"Rodo Material Cabo: Madeira Com Capa Plástica , Material Sup"
958,L26-CAA-313,PCA-3221-2026,"Rodo Limpa Vidros (Telescópico, Cabo Extensor 3,10 Metros Pa"
959,L26-CAA-314,PCA-3E7E-2026,"Pá Coletora Lixo, Material Coletor Zinco Galvanizado Materia"
961,L26-CAA-316,PCA-4BA6-2026,"Escova Limpeza Geral, Material Corpo Plástico Material Cerda"
962,L26-CAA-317,PCA-1532-2026,"Escova Multiuso Oval, Produzida Em Plástico Resistente Com C"
966,L26-CAA-321,PCA-D650-2026,"Pano Prato, Material Algodão Alvejado Comprimento 71 Cm Larg"
971,L26-CAA-326,PCA-1697-2026,"Saco De Lixo P/Uso Domestico, De Polietileno, Reforcado, Fun"
972,L26-CAA-327,PCA-41E5-2026,"Papel higienico 30 metros, Classe 01, folha dupla, cor branc"
975,L26-CAA-330,PCA-5C9F-2026,"Guardanapo De Papel Material: Celulose , Largura: 24 Cm, Com"
1013,L26-CAA-334,PCA-7B72-2026,Serviços Continuados de Auxiliar Administrativo - União
1017,L26-CAA-336,PCA-6D16-2026,Fornecimento de Água Tratada e tratamento de Esgoto - SAAE O
1021,L26-CAA-340,PCA-E435-2026,Prestação de Serviço Terceirizado de Assistente Social e Ped
1018,L26-CAA-337,PCA-6E44-2026,Fornecimento de Água Tratada e Tratamento de Esgoto - SAAE C
1019,L26-CAA-338,PCA-3521-2026,Fornecimento de Água Tratada e Tratamento de Esgoto Sanitári
1023,L26-CAA-342,PCA-B8CB-2026,Serviço de Monitoramento e Rastreamento dos Veículos do MPPI
1024,L26-CAA-343,PCA-AF89-2026,Serviço de Monitoramento e Rastreamento dos Veículos do MPPI
1020,L26-CAA-339,PCA-D6F4-2026,Prestação de Serviço de Telefonia Móvel Pessoal e Serviços d
877,L26-CAA-232,PCA-179D-2026,"Água Mineral Natural, sem gás, (Recarga), acondicionada em e"
1046,L26-CAA-350,PCA-9FFC-2026,Plaquetas em poliester (etiqueta adesiva)
734,L26-CAA-172,PCA-2FFB-2026,"Refrigerador doméstico, capacidade:240 a 260 l, voltagem:220"
806,L26-CAA-218,PCA-6136-2026,Contratação de Transporte Intermunicipal de Carga - PAC corr
804,L26-CAA-216,PCA-D16A-2026,Serviço de Monitoramento e Rastreamentos dos veículos do MPP
805,L26-CAA-217,PCA-A656-2026,Serviço de Monitoramento e Rastreamentos dos veículos do MPP
1064,L26-CAA-355,PCA-B4F9-2026,Contratação de serviços de fornecimento de água tratada e co
1061,L26-CAA-354,PCA-AB16-2026,Serviços sem dedicação exclusiva de mão de obra de empresa t
1067,L26-CAA-357,PCA-D053-2026,Prestação de Serviço de Telefonia Móvel Pessoal e Serviços d
1065,L26-CAA-356,PCA-82DF-2026,Serviços Securitários para os Veículos Pertencentes a Frota 
1007,L26-CAA-332,PCA-DC40-2026,Prestação de Serviço de Coleta de Lixo do MP-PI em Teresina
1029,L26-CAA-346,PCA-7C88-2026,Contratação de produtos e serviços por meio de pacote de Ser
1044,L26-CAA-348,PCA-816C-2026,"Serviços de manutenção preventiva e corretiva, com o forneci"
1045,L26-CAA-349,PCA-9994-2026,Ribbon de resina
973,L26-CAA-328,PCA-F92C-2026,"Papel Higiênico Rolão Medindo 300M X 0,10Cm; Embalagens Com "
1043,L26-CAA-347,PCA-0AD4-2026,Aquisição de tapetes em capacho
1055,L26-CAA-353,PCA-6A65-2026,Aquisição de pick-up
1035,L26-CCF-13,PCA-BD0B-2026,Serviços de arrecadação de taxas e emolumentos cartorários p
1004,L26-CCF-11,PCA-8641-2026,Sistema Web de Gestão Tributária
1034,L26-CCF-12,PCA-864E-2026,Serviços de gerenciamento e pagamento da folha de pagamento 
1036,L26-CCF-14,PCA-737E-2026,Serviços de arrecadação de taxas e emolumentos cartorários p
874,L26-CCS-14,PCA-A41C-2026,11° Prêmio MPPI de Jornalismo
789,L26-CCS-12,PCA-0A99-2026,"Confecção de placas em inox, gravadas por corrosão química, "
1027,L26-CCS-17,PCA-84EF-2026,"Serviço de Agenciamento de Viagens, Especializada em Emissão"
1009,L26-CEAF-1,PCA-4B81-2026,Serviço de Acesso a Plataforma Jurídica de Pesquisa Online J
555,L26-CLC-1,PCA-F6DD-2026,"Assinatura Anual ( 5 Licença) da Ferramenta ""Zênite Fácil"" c"
990,L26-CLC-6,PCA-D455-2026,Curso sobre a nova lei de licitações e contratos para parece
989,L26-CLC-5,PCA-7830-2026,Curso de gestão e fiscalização de contratos
815,L26-CPPT-17,PCA-AAC2-2026,Ata de Manutenção Predial - Lote I - Teresina
559,L26-CPPT-3,PCA-80CD-2026,"Locação de Imóvel para o GAECO, GSI E GERGOG"
993,L26-CPPT-22,PCA-D024-2026,"Aquisição, Instalação e Manutenção de cercas elétricas nas S"
795,L26-CPPT-12,PCA-846B-2026,Locação de imóvel para a PJ de Buriti dos Lopes
770,L26-CPPT-5,PCA-B4ED-2026,Locação de Imóvel para a PJ de Barro Duro - PI
791,L26-CPPT-8,PCA-C995-2026,Locação de Imóvel para a Casa da Cidadania
771,L26-CPPT-6,PCA-66BB-2026,Sistemas de proteção contra incêndios
793,L26-CPPT-10,PCA-C69C-2026,Locação de Imóvel  para a PJ de Monsenhor Gil - PI
794,L26-CPPT-11,PCA-09C2-2026,Locação de Imóvel para a PJ de Picos - PI
812,L26-CPPT-15,PCA-EBA5-2026,Locação de Imóvel para a PJ de Regeneração -PI
1014,L26-CPPT-30,PCA-F77B-2026,Manutenção Corretiva da plataforma elevatória da sede das Pr
1010,L26-CPPT-29,PCA-2337-2026,Manutenção Preventiva e Corretiva de Elevadores
1015,L26-CPPT-31,PCA-544E-2026,Contratação de locação de imóvel para abrigar a Promotoria d
1033,L26-CPPT-32,PCA-2E72-2026,Locação de Imóvel para a PJ de  Amarante - PI
875,L26-CPPT-18,PCA-41D0-2026,Avaliação de imóveis
1038,L26-CPPT-33,PCA-BF93-2026,Locação de Imóvel para a PJ de Marcos Parente - PI
790,L26-CPPT-7,PCA-8895-2026,Locação de Imóvel para a PJ de Batalha - PI
1051,L26-CPPT-37,PCA-4CD5-2026,Locação de Imóvel para a PJ de José de Freitas - PI
1068,L26-CPPT-39,PCA-C30F-2026,Contratação de software de orçamento de obras - OrçaFascio
1048,L26-CPPT-35,PCA-3D42-2026,Locação de  Imóvel para a PJ de Altos - PI
551,L26-CRH-2,PCA-CF40-2026,Serviço de  Cobertura Securitária ( Apólice Aberta) para Ass
1003,L26-CRH-3,PCA-27FB-2026,Coordenação e Execução das Aulas de Canto
775,L26-CTI-8,PCA-A435-2026,"SSD NVME
480GB"
777,L26-CTI-10,PCA-02C8-2026,HD Externo de 2TB
780,L26-CTI-13,PCA-9583-2026,"Memória
RAM DDR4
8GB"
783,L26-CTI-16,PCA-C449-2026,"SSD SATA
480GB"
553,L26-CTI-2,PCA-E63E-2026,Fornecimento de solução Tecnólogicas de Segurança Corporativ
773,L26-CTI-6,PCA-7E4A-2026,Etiquetadora
823,L26-CTI-23,PCA-6525-2026,Abraçadeiras de Nylon 20 CM
825,L26-CTI-25,PCA-726B-2026,Bobinas de Etiquetadoras/Rotuladoras
824,L26-CTI-24,PCA-EDA7-2026,Porca Gaiola - pacote com 100
826,L26-CTI-26,PCA-61F1-2026,Conectores RJ-45 - CAT6 - pacote com 100
979,L26-CTI-36,PCA-29B8-2026,Firewall por 36 meses (Sede MPPI unidade Centro e Sede dos G
1040,L26-CTI-42,PCA-85F9-2026,Link de Internet com dupla abordagem
1030,L26-CTI-41,PCA-76B0-2026,Fornecimento de Assinaturas Digital ICP-Brasil - BRY TECNOLO
978,L26-CTI-35,PCA-7FE6-2026,IMacs
1062,L26-CTI-45,PCA-1CEE-2026,SOLUÇÃO DE COMUNICAÇÃO PARA INTERLIGAÇÃO DA SEDE DO MPPI  CO
827,L26-CTI-27,PCA-C0EB-2026,Alicate de Crimpagem
829,L26-CTI-29,PCA-BAD6-2026,Caixa de Cabo de rede CAT6
830,L26-CTI-30,PCA-D9B0-2026,Switches 48 portas
1066,L26-CTI-47,PCA-54CC-2026,Aquisição de Certificados Digitais
831,L26-CTI-31,PCA-4233-2026,Switches 24 portas
1054,L26-CTI-44,PCA-E858-2026,Serviço de Fornecimento de Link de Acesso á Internet e Comun
821,L26-GAECO-6,PCA-90AD-2026,Micro câmeras espiã
819,L26-GAECO-4,PCA-71E9-2026,Binóculo profissional
820,L26-GAECO-5,PCA-2C34-2026,Rastreadores veicular
822,L26-GAECO-7,PCA-A98D-2026,material de Escuta ambiente
1002,L26-GSI-27,PCA-8B03-2026,Aquisição de testes psicológicos que atendam às necessidades
856,L26-GSI-24,PCA-22CB-2026,Fragmentadora de papel
708,L26-CAA-146,PCA-5A3F-2026,"Torneira Metalica Cromada De Mesa Para Lavatorio, Bica Alta,"
1022,L26-CAA-341,PCA-0409-2026,Serviço de Recarga de Extintores de Incêndio
556,L26-CAA-11,PCA-E57C-2026,Gerenciamento do Abastecimento  e da manutenção da Frota Vei
560,L26-CAA-13,PCA-973B-2026,Manutenção Preventiva e Corretiva com Fornecimento de Peças 
1074,L26-CAA-360,PCA-2DFE-2026,Aquisição de material de manutenção predial e construção
606,L26-CAA-44,PCA-B886-2026,"Cabo Hdmi De 15 Metros, Alta Velocidade Com Tecnologia Ultra"
866,L26-CAA-227,PCA-3D6A-2026,CADEIRA EMPILHÁVEL
879,L26-CAA-234,PCA-BAE4-2026,"Água mineral, natural, sem gás, em garrafa de 1,5 litro, far"
881,L26-CAA-236,PCA-8D8D-2026,"Água mineral, natural, sem gás, em garrafões de 20 litros (L"
985,L26-CAA-331,PCA-0525-2026,"Serviço de Agente de Limpeza Institucional, com dedicação ex"
924,L26-CAA-279,PCA-929E-2026,"Mouse, confeccionado em plastico, optico, com 3 botoes, com "
925,L26-CAA-280,PCA-C4D7-2026,"Teclado para computador, Padrao Abnt-2, Com Conector Usb, Ga"
927,L26-CAA-282,PCA-B81D-2026,Água Sanitária 1L - Composição Química: Hipoclorito De Sódio
928,L26-CAA-283,PCA-29AC-2026,Desinfetante 1 L - Composição: À Base De Quaternário De Amôn
930,L26-CAA-285,PCA-E491-2026,"Sabão Pó - aplicação lavar roupas, limpeza geral, caracterís"
931,L26-CAA-286,PCA-5351-2026,"Sabão barra - Composição Básica: Sais + Ácido Graxo, Tipo: C"
933,L26-CAA-288,PCA-BE4B-2026,"Lustrador Móveis Componentes: Cera Microcristalina, Óleo Par"
963,L26-CAA-318,PCA-DA05-2026,"Esponja Limpeza Material: Espuma / Fibra Sintética , Formato"
561,L26-CAA-14,PCA-C245-2026,Seguro para veículos do PROCON: ÔNIBUS E MOTOCICLETAS.
566,L26-CAA-15,PCA-BF97-2026,Serviços Continuados  de Auxiliar Administrativo- Cidade de 
587,L26-CAA-25,PCA-8A53-2026,Toner Impressora Samsung SL-M4070FR. Referência Cartucho: ML
588,L26-CAA-26,PCA-B9D6-2026,"Toner Impressora Samsung SCX-4833. Referência: MLT-D205L-AG,"
589,L26-CAA-27,PCA-A522-2026,Toner Impressora HP PRO M428FDW (monocromática): TONER PRETO
680,L26-CAA-118,PCA-5733-2026,"Disco Corte Material: Vídea , Diâmetro: 30 Cm, Diâmetro Furo"
929,L26-CAA-284,PCA-052C-2026,"Detergente líquido lava louça com glicerina, testado dermato"
739,L26-CAA-177,PCA-7B29-2026,Armário Material: Mdp 25mm Tipo: Baixo Quantidade Portas: 2 
740,L26-CAA-178,PCA-8960-2026,Gaveteiro Móvel Material: Mdp 25mm Quantidade Gavetas: 3 UN 
742,L26-CAA-180,PCA-2BEE-2026,Mesa Escritório Material Estrutura: Tubo Aço Material Tampo:
748,L26-CAA-186,PCA-22DB-2026,Mesa Reunião Retangular Material: Madeira Aglomerada Mdp Com
743,L26-CAA-181,PCA-06D3-2026,Mesa Material Estrutura: Parafusos Material Tampo: Mdp Mater
747,L26-CAA-185,PCA-AD48-2026,Mesa Reunião Retangular Material: Madeira Aglomerada Mdp Com
751,L26-CAA-189,PCA-3667-2026,"Cadeira giratória espaldar alto, tipo fraque telado, com apo"
752,L26-CAA-190,PCA-BD6A-2026,"Cadeira giratória espaldar alto, tipo fraque telado, com apo"
753,L26-CAA-191,PCA-342C-2026,"Cadeira giratória espaldar alto, tipo fraque telado. Giratór"
769,L26-CAA-207,PCA-DC4B-2026,"Prestação de Serviço de Dedetização, Desratização e Descupin"
798,L26-CAA-210,PCA-9500-2026,Bebedouro Água Garrafão Material: Aço Galvanizado Tipo: Elét
541,L26-CAA-3,PCA-7F50-2026,Contratação de empresa especializada na prestação de serviço
557,L26-CAA-12,PCA-26E3-2026,Serviço de Administração de Estacionamento através de cancel
760,L26-CAA-198,PCA-8953-2026,Aquisição de cavaletes para exposição de quadros de Obra de 
934,L26-CAA-289,PCA-EF79-2026,"Desodorizador Sanitário Composição: Dodecil Benzeno, Sulfona"
935,L26-CAA-290,PCA-2B8D-2026,Balde De Plastico - 15 L Em Plastico De Alta Resistência E R
941,L26-CAA-296,PCA-D03A-2026,"Alcool Gel Glicerinado Neutro Antisseptico Para Maos, Etanol"
942,L26-CAA-297,PCA-179A-2026,"Alcool Etilico Hidratado 46° Inpm, 1 Litro. Apresentação Liq"
943,L26-CAA-298,PCA-518E-2026,Alcool Gel Anti-Séptico Para As Mãos 5 Litros Principio Ativ
944,L26-CAA-299,PCA-D931-2026,"Máscara Cirúrgica Tripla Descartável,C/ Clip Nasal, Filtro B"
945,L26-CAA-300,PCA-12DE-2026,"Luva Para Procedimento Não Cirúrgico, Material Látex Natural"
948,L26-CAA-303,PCA-C761-2026,"Copo Descartável Material: Poliestireno , Capacidade: 50 Ml,"
950,L26-CAA-305,PCA-4AEF-2026,"Inseticida Domestico, Aerosol, Composto De Ingredientes Ativ"
951,L26-CAA-306,PCA-65DE-2026,Aromatizador De Ambientes Aerossol - Capacidade: 360Ml/305G;
955,L26-CAA-310,PCA-CE2D-2026,"Sabonete Líquido Aspecto Físico: Líquido Cremoso Perolado, A"
956,L26-CAA-311,PCA-D126-2026,"Disco, Limpador, Cor Verde, Cerda Em Fibra Sintetica,Em Mine"
960,L26-CAA-315,PCA-8D4F-2026,"Vassoura Nylon Multiuso Para Limpeza De Pisos Diversos, Corr"
964,L26-CAA-319,PCA-536D-2026,"Esponja Limpeza Material: Lã De Aço Carbono , Formato: Retan"
965,L26-CAA-320,PCA-D7B7-2026,"Pano Limpeza Material: 100% Algodão , Comprimento: 80 Cm, La"
967,L26-CAA-322,PCA-F901-2026,"Flanela, Medindo 40X60cm. Tecido Com Acabamento Flanelado Em"
968,L26-CAA-323,PCA-402C-2026,"Saco De Lixo P/Uso Domestico, De Polietileno, Reforcado, Fun"
969,L26-CAA-324,PCA-0387-2026,"Saco De Lixo P/Uso Domestico, De Polietileno, Reforcado, Com"
970,L26-CAA-325,PCA-4B19-2026,"Saco De Lixo P/Uso Domestico, De Polietileno, Com Capacidade"
1026,L26-CAA-345,PCA-1C44-2026,Serviço de Telefonia fixa Comutada
737,L26-CAA-175,PCA-3E0E-2026,"Televisor, Tamanho Tela: 43 POL Voltagem: 110/220 V Caracter"
749,L26-CAA-187,PCA-A3AA-2026,Gaveteiro Fixo Material: Madeira Tipo Madeira: Aglomerado / 
750,L26-CAA-188,PCA-1D78-2026,"Cadeira giratória espaldar alto telado, regulagem de apoio l"
1075,L26-CAA-361,PCA-D18C-2026,"Saco Plastico Transparente, De Alta Resistência, Dimensões 5"
1076,L26-CAA-362,PCA-A3F2-2026,"Serviço de Agente de Limpeza Institucional, com dedicação ex"
814,L26-CAA-219,PCA-45C7-2026,Serviços Continuados de Auxiliar Administrativo -  Teresina 
585,L26-CCF-2,PCA-E877-2026,"Reforma tributária e seus impáctos no Setor Público: CBS, IB"
584,L26-CCF-1,PCA-AA43-2026,"Gestão Tributária no Setor público. Retenções de IRRF, INSS,"
1037,L26-CCF-15,PCA-3EA6-2026,Gerenciamento do duodécimo e cartão corporativo da PGJ pelo 
582,L26-CCS-10,PCA-EFBE-2026,Assinatura de serviço de streaming para transmissão da Rádio
581,L26-CCS-9,PCA-8986-2026,Produção e edição de vídeos institucionais
563,L26-CCS-3,PCA-B0ED-2026,Fornecimento de flores
1000,L26-CCS-15,PCA-93D0-2026,Fornecimento de coquetéis e outras refeições festivas
565,L26-CCS-5,PCA-B354-2026,Serviço de locação de mobiliário e itens de decoração para e
1008,L26-CCS-16,PCA-FC11-2026,Prestação de Serviço de Interpretação Simultânea em Libras
1031,L26-CCS-18,PCA-8818-2026,Prestação de Serviços Gráficos
1058,L26-CCS-19,PCA-35E0-2026,Serviços de Clipping Jornalístico
1032,L26-CLC-8,PCA-072D-2026,Publicação de editais e outros em jornal de grande circulaçã
981,L26-CPPT-20,PCA-743F-2026,"Ata de Manutenção Predial - Lote III - Campo Maior, União, B"
568,L26-CPPT-4,PCA-49AF-2026,IPTU sede leste
792,L26-CPPT-9,PCA-B0EC-2026,Contratação de empresa para fornecimento de energia elétrica
807,L26-CPPT-13,PCA-378C-2026,Locação de Imóvel para a PJ de Esperantina - PI
980,L26-CPPT-19,PCA-33AB-2026,"Ata de Manutenção Predial - Lote II - Parnaiba, Piripiri, Ba"
1039,L26-CPPT-34,PCA-C5DE-2026,Locação de Imóvel na Zona Leste de Teresina
992,L26-CPPT-21,PCA-F136-2026,"Ata de Manutenção Predial - Lote IV - Floriano, Oeiras, Pico"
998,L26-CPPT-27,PCA-4724-2026,Locação de Imóvel para a PJ de Regeneração -PI
811,L26-CPPT-14,PCA-4716-2026,Locação de Imóvel para a PJ de São Raimundo Nonato - PI
536,L26-CRH-1,PCA-EA2C-2026,Aquisição de crachás
828,L26-CTI-28,PCA-FADF-2026,Filtro de linha
567,L26-CTI-5,PCA-44DB-2026,"BATERIA
SELADA
12V 9A"
1006,L26-CTI-39,PCA-4DBF-2026,Serviços Gerenciados de Computação em Nuvem - Ready Tecnolog
562,L26-CTI-4,PCA-369D-2026,Licença de uso do Software Atlassian Crowd
550,L26-CTI-1,PCA-36B7-2026,Serviço Anual de Subscrição de Solução de Proteção de Dispos
776,L26-CTI-9,PCA-B9E9-2026,"BATERIA
SELADA
12V 7A"
774,L26-CTI-7,PCA-4EB1-2026,BATERIA SELADA 12V 45A Estacionária
1005,L26-CTI-38,PCA-E66A-2026,"Plataforma Alura, de Ensino à Distância - EAD"
1028,L26-CTI-40,PCA-DAB3-2026,Fábrica de Software
781,L26-CTI-14,PCA-5125-2026,"Nobreak de
1500VA"
1053,L26-GAECO-12,PCA-C185-2026,Licença de base do SERPRO para integração ao OMNIS
1060,L26-GAECO-14,PCA-676A-2026,Falcon Sistemas
549,L26-GAECO-1,PCA-CFC6-2026,Clearview Professional
818,L26-GAECO-3,PCA-5AF7-2026,Kit Bateria Dji Mavic 3 Enterprise Séries
796,L26-GSI-1,PCA-D482-2026,CONTROLE UNIVERSAL PARA MOTOR DE PORTÃO
755,L26-CAA-193,PCA-B3B4-2026,"Cadeira giratória em tela, espaldar médio telado na cor pret"
569,L26-CAA-16,PCA-06C4-2026,Aparelho Ar Condicionado Tipo: Split Hi Wall Capacidade Refr
571,L26-CAA-18,PCA-E044-2026,Aparelho Ar Condicionado Tipo: Split Hi Wall Capacidade Refr
570,L26-CAA-17,PCA-8E17-2026,Aparelho Ar Condicionado Tipo: Split Hi Wall Capacidade Refr
572,L26-CAA-19,PCA-EEAF-2026,Aparelho Ar Condicionado Tipo: Split Hi Wall Capacidade Refr
574,L26-CAA-21,PCA-7BAC-2026,Aparelho Ar Condicionado Tipo: Split Modelo: Split Inverter 
576,L26-CAA-23,PCA-FF6A-2026,Aparelho Ar Condicionado Tipo: Split Modelo: Split Inverter 
575,L26-CAA-22,PCA-ED02-2026,Aparelho Ar Condicionado Tipo: Split Modelo: Split Inverter 
577,L26-CAA-24,PCA-2577-2026,Aparelho Ar Condicionado Tipo: Split Modelo: Split Inverter 
974,L26-CAA-329,PCA-BE93-2026,"Toalha De Papel - Material: Papel, Tipo Folha: 2 Dobras, Com"
1078,L26-CAA-364,PCA-0F7C-2026,Aquisição de material de manutenção predial e construção
580,L26-CCS-8,PCA-35EB-2026,Brindes para divulgação de campanhas e ações institucionais
552,L26-CPPT-1,PCA-463D-2026,Locação de Imóvel para a PJ de Esperantina - PI
1080,L26-CPPT-41,PCA-CEE0-2026,"Manutenção  de edificações com aplicação de material, para o"
1082,L26-CPPT-43,PCA-B977-2026,"Manutenção  de edificações com aplicação de material, para o"
1079,L26-CPPT-40,PCA-6EC3-2026,"Manutenção  de edificações com aplicação de material, para o"
1081,L26-CPPT-42,PCA-67BC-2026,"Manutenção  de edificações com aplicação de material, para o"
