dfd_id,numero_dfd,pca_exercicio,unidade_sigla,requisitante_username,requisitante_nome
37,DFD-2027-APG,2027,APG,vicente.miranda,Vicente Oliveira Miranda
36,IMP-2026-APG,2026,APG,vicente.miranda,Vicente Oliveira Miranda
38,DFD-2027-CAA,2027,CAA,marcilio.silva,Marcílio de Oliveira Silva
27,IMP-2026-CAA,2026,CAA,marcilio.silva,Marcílio de Oliveira Silva
39,DFD-2027-CCF,2027,CCF,denis.lima,Dênis Rodrigues de Lima
32,IMP-2026-CCF,2026,CCF,denis.lima,Dênis Rodrigues de Lima
40,DFD-2027-CCS,2027,CCS,edigar.neto,Edigar Nogueira Brandão Neto
26,IMP-2026-CCS,2026,CCS,edigar.neto,Edigar Nogueira Brandão Neto
41,DFD-2027-CEAF,2027,CEAF,viviane.magalhaes,Viviane Maria de Pádua Rios Magalhães
34,IMP-2026-CEAF,2026,CEAF,viviane.magalhaes,Viviane Maria de Pádua Rios Magalhães
42,DFD-2027-CLC,2027,CLC,afranio.silva,Afrânio Oliveira da Silva
31,IMP-2026-CLC,2026,CLC,afranio.silva,Afrânio Oliveira da Silva
43,DFD-2027-CONINT,2027,CONINT,sidney.silva,Sidney Feitosa da Silva
35,IMP-2026-CONINT,2026,CONINT,sidney.silva,Sidney Feitosa da Silva
44,DFD-2027-CPPT,2027,CPPT,francisco.viana,Francisco Eduardo Lopes Viana
30,IMP-2026-CPPT,2026,CPPT,francisco.viana,Francisco Eduardo Lopes Viana
45,DFD-2027-CRH,2027,CRH,francisco.filho,Francisco Mariano de Araújo Filho
25,IMP-2026-CRH,2026,CRH,francisco.filho,Francisco Mariano de Araújo Filho
47,DFD-2027-GAECO,2027,GAECO,thiago.soares,Thiago de Araújo Costa Soares
28,IMP-2026-GAECO,2026,GAECO,thiago.soares,Thiago de Araújo Costa Soares
48,DFD-2027-GSI,2027,GSI,patricia.martins,Patrícia Luz Martins
33,IMP-2026-GSI,2026,GSI,patricia.martins,Patrícia Luz Martins
