item_id,codigo_pca,status_antes,status_depois
1009,L26-CEAF-1,pendente,aprovada_integral
539,L26-CAA-1,pendente,aprovada_integral
549,L26-GAECO-1,pendente,aprovada_integral
550,L26-CTI-1,pendente,aprovada_integral
552,L26-CPPT-1,pendente,aprovada_integral
555,L26-CLC-1,pendente,aprovada_integral
536,L26-CRH-1,pendente,aprovada_integral
584,L26-CCF-1,pendente,aprovada_integral
796,L26-GSI-1,pendente,aprovada_integral
585,L26-CCF-2,pendente,aprovada_integral
540,L26-CAA-2,pendente,aprovada_integral
551,L26-CRH-2,pendente,aprovada_integral
553,L26-CTI-2,pendente,aprovada_integral
563,L26-CCS-3,pendente,aprovada_integral
559,L26-CPPT-3,pendente,aprovada_integral
541,L26-CAA-3,pendente,aprovada_integral
1003,L26-CRH-3,pendente,aprovada_integral
818,L26-GAECO-3,pendente,aprovada_integral
562,L26-CTI-4,pendente,aprovada_integral
542,L26-CAA-4,pendente,aprovada_integral
568,L26-CPPT-4,pendente,aprovada_integral
819,L26-GAECO-4,pendente,aprovada_integral
989,L26-CLC-5,pendente,aprovada_integral
543,L26-CAA-5,pendente,aprovada_integral
565,L26-CCS-5,pendente,aprovada_integral
567,L26-CTI-5,pendente,aprovada_integral
770,L26-CPPT-5,pendente,aprovada_integral
820,L26-GAECO-5,pendente,aprovada_integral
771,L26-CPPT-6,pendente,aprovada_integral
544,L26-CAA-6,pendente,aprovada_integral
990,L26-CLC-6,pendente,aprovada_integral
821,L26-GAECO-6,pendente,aprovada_integral
773,L26-CTI-6,pendente,aprovada_integral
545,L26-CAA-7,pendente,aprovada_integral
790,L26-CPPT-7,pendente,aprovada_integral
774,L26-CTI-7,pendente,aprovada_integral
822,L26-GAECO-7,pendente,aprovada_integral
775,L26-CTI-8,pendente,aprovada_integral
791,L26-CPPT-8,pendente,aprovada_integral
1032,L26-CLC-8,pendente,aprovada_integral
580,L26-CCS-8,pendente,aprovada_integral
546,L26-CAA-8,pendente,aprovada_integral
776,L26-CTI-9,pendente,aprovada_integral
581,L26-CCS-9,pendente,aprovada_integral
792,L26-CPPT-9,pendente,aprovada_integral
793,L26-CPPT-10,pendente,aprovada_integral
777,L26-CTI-10,pendente,aprovada_integral
582,L26-CCS-10,pendente,aprovada_integral
794,L26-CPPT-11,pendente,aprovada_integral
556,L26-CAA-11,pendente,aprovada_integral
1004,L26-CCF-11,pendente,aprovada_integral
795,L26-CPPT-12,pendente,aprovada_integral
1034,L26-CCF-12,pendente,aprovada_integral
1053,L26-GAECO-12,pendente,aprovada_integral
789,L26-CCS-12,pendente,aprovada_integral
557,L26-CAA-12,pendente,aprovada_integral
780,L26-CTI-13,pendente,aprovada_integral
1035,L26-CCF-13,pendente,aprovada_integral
807,L26-CPPT-13,pendente,aprovada_integral
560,L26-CAA-13,pendente,aprovada_integral
1060,L26-GAECO-14,pendente,aprovada_integral
1036,L26-CCF-14,pendente,aprovada_integral
811,L26-CPPT-14,pendente,aprovada_integral
781,L26-CTI-14,pendente,aprovada_integral
561,L26-CAA-14,pendente,aprovada_integral
874,L26-CCS-14,pendente,aprovada_integral
566,L26-CAA-15,pendente,aprovada_integral
1037,L26-CCF-15,pendente,aprovada_integral
1000,L26-CCS-15,pendente,aprovada_integral
812,L26-CPPT-15,pendente,aprovada_integral
569,L26-CAA-16,pendente,aprovada_integral
783,L26-CTI-16,pendente,aprovada_integral
1008,L26-CCS-16,pendente,aprovada_integral
1027,L26-CCS-17,pendente,aprovada_integral
815,L26-CPPT-17,pendente,aprovada_integral
570,L26-CAA-17,pendente,aprovada_integral
875,L26-CPPT-18,pendente,aprovada_integral
1031,L26-CCS-18,pendente,aprovada_integral
571,L26-CAA-18,pendente,aprovada_integral
572,L26-CAA-19,pendente,aprovada_integral
980,L26-CPPT-19,pendente,aprovada_integral
1058,L26-CCS-19,pendente,aprovada_integral
573,L26-CAA-20,pendente,aprovada_integral
981,L26-CPPT-20,pendente,aprovada_integral
574,L26-CAA-21,pendente,aprovada_integral
992,L26-CPPT-21,pendente,aprovada_integral
575,L26-CAA-22,pendente,aprovada_integral
993,L26-CPPT-22,pendente,aprovada_integral
576,L26-CAA-23,pendente,aprovada_integral
823,L26-CTI-23,pendente,aprovada_integral
856,L26-GSI-24,pendente,aprovada_integral
577,L26-CAA-24,pendente,aprovada_integral
824,L26-CTI-24,pendente,aprovada_integral
825,L26-CTI-25,pendente,aprovada_integral
587,L26-CAA-25,pendente,aprovada_integral
826,L26-CTI-26,pendente,aprovada_integral
588,L26-CAA-26,pendente,aprovada_integral
827,L26-CTI-27,pendente,aprovada_integral
589,L26-CAA-27,pendente,aprovada_integral
998,L26-CPPT-27,pendente,aprovada_integral
1002,L26-GSI-27,pendente,aprovada_integral
828,L26-CTI-28,pendente,aprovada_integral
829,L26-CTI-29,pendente,aprovada_integral
1010,L26-CPPT-29,pendente,aprovada_integral
830,L26-CTI-30,pendente,aprovada_integral
1014,L26-CPPT-30,pendente,aprovada_integral
1015,L26-CPPT-31,pendente,aprovada_integral
831,L26-CTI-31,pendente,aprovada_integral
1033,L26-CPPT-32,pendente,aprovada_integral
1038,L26-CPPT-33,pendente,aprovada_integral
1039,L26-CPPT-34,pendente,aprovada_integral
978,L26-CTI-35,pendente,aprovada_integral
1048,L26-CPPT-35,pendente,aprovada_integral
979,L26-CTI-36,pendente,aprovada_integral
1051,L26-CPPT-37,pendente,aprovada_integral
1005,L26-CTI-38,pendente,aprovada_integral
1068,L26-CPPT-39,pendente,aprovada_integral
1006,L26-CTI-39,pendente,aprovada_integral
1028,L26-CTI-40,pendente,aprovada_integral
1079,L26-CPPT-40,pendente,aprovada_integral
1030,L26-CTI-41,pendente,aprovada_integral
1080,L26-CPPT-41,pendente,aprovada_integral
1040,L26-CTI-42,pendente,aprovada_integral
1081,L26-CPPT-42,pendente,aprovada_integral
1082,L26-CPPT-43,pendente,aprovada_integral
1054,L26-CTI-44,pendente,aprovada_integral
606,L26-CAA-44,pendente,aprovada_integral
1062,L26-CTI-45,pendente,aprovada_integral
1066,L26-CTI-47,pendente,aprovada_integral
680,L26-CAA-118,pendente,aprovada_integral
708,L26-CAA-146,pendente,aprovada_integral
733,L26-CAA-171,pendente,aprovada_integral
734,L26-CAA-172,pendente,aprovada_integral
735,L26-CAA-173,pendente,aprovada_integral
737,L26-CAA-175,pendente,aprovada_integral
738,L26-CAA-176,pendente,aprovada_integral
739,L26-CAA-177,pendente,aprovada_integral
740,L26-CAA-178,pendente,aprovada_integral
742,L26-CAA-180,pendente,aprovada_integral
743,L26-CAA-181,pendente,aprovada_integral
747,L26-CAA-185,pendente,aprovada_integral
748,L26-CAA-186,pendente,aprovada_integral
749,L26-CAA-187,pendente,aprovada_integral
750,L26-CAA-188,pendente,aprovada_integral
751,L26-CAA-189,pendente,aprovada_integral
752,L26-CAA-190,pendente,aprovada_integral
753,L26-CAA-191,pendente,aprovada_integral
755,L26-CAA-193,pendente,aprovada_integral
760,L26-CAA-198,pendente,aprovada_integral
763,L26-CAA-201,pendente,aprovada_integral
764,L26-CAA-202,pendente,aprovada_integral
769,L26-CAA-207,pendente,aprovada_integral
772,L26-CAA-208,pendente,aprovada_integral
798,L26-CAA-210,pendente,aprovada_integral
803,L26-CAA-215,pendente,aprovada_integral
804,L26-CAA-216,pendente,aprovada_integral
805,L26-CAA-217,pendente,aprovada_integral
806,L26-CAA-218,pendente,aprovada_integral
814,L26-CAA-219,pendente,aprovada_integral
860,L26-CAA-221,pendente,aprovada_integral
861,L26-CAA-222,pendente,aprovada_integral
862,L26-CAA-223,pendente,aprovada_integral
865,L26-CAA-226,pendente,aprovada_integral
866,L26-CAA-227,pendente,aprovada_integral
867,L26-CAA-228,pendente,aprovada_integral
868,L26-CAA-229,pendente,aprovada_integral
869,L26-CAA-230,pendente,aprovada_integral
876,L26-CAA-231,pendente,aprovada_integral
877,L26-CAA-232,pendente,aprovada_integral
879,L26-CAA-234,pendente,aprovada_integral
880,L26-CAA-235,pendente,aprovada_integral
881,L26-CAA-236,pendente,aprovada_integral
904,L26-CAA-259,pendente,aprovada_integral
923,L26-CAA-278,pendente,aprovada_integral
924,L26-CAA-279,pendente,aprovada_integral
925,L26-CAA-280,pendente,aprovada_integral
926,L26-CAA-281,pendente,aprovada_integral
927,L26-CAA-282,pendente,aprovada_integral
928,L26-CAA-283,pendente,aprovada_integral
929,L26-CAA-284,pendente,aprovada_integral
930,L26-CAA-285,pendente,aprovada_integral
931,L26-CAA-286,pendente,aprovada_integral
932,L26-CAA-287,pendente,aprovada_integral
933,L26-CAA-288,pendente,aprovada_integral
934,L26-CAA-289,pendente,aprovada_integral
935,L26-CAA-290,pendente,aprovada_integral
936,L26-CAA-291,pendente,aprovada_integral
937,L26-CAA-292,pendente,aprovada_integral
938,L26-CAA-293,pendente,aprovada_integral
939,L26-CAA-294,pendente,aprovada_integral
940,L26-CAA-295,pendente,aprovada_integral
941,L26-CAA-296,pendente,aprovada_integral
942,L26-CAA-297,pendente,aprovada_integral
943,L26-CAA-298,pendente,aprovada_integral
944,L26-CAA-299,pendente,aprovada_integral
945,L26-CAA-300,pendente,aprovada_integral
946,L26-CAA-301,pendente,aprovada_integral
947,L26-CAA-302,pendente,aprovada_integral
948,L26-CAA-303,pendente,aprovada_integral
949,L26-CAA-304,pendente,aprovada_integral
950,L26-CAA-305,pendente,aprovada_integral
951,L26-CAA-306,pendente,aprovada_integral
952,L26-CAA-307,pendente,aprovada_integral
953,L26-CAA-308,pendente,aprovada_integral
954,L26-CAA-309,pendente,aprovada_integral
955,L26-CAA-310,pendente,aprovada_integral
956,L26-CAA-311,pendente,aprovada_integral
957,L26-CAA-312,pendente,aprovada_integral
958,L26-CAA-313,pendente,aprovada_integral
959,L26-CAA-314,pendente,aprovada_integral
960,L26-CAA-315,pendente,aprovada_integral
961,L26-CAA-316,pendente,aprovada_integral
962,L26-CAA-317,pendente,aprovada_integral
963,L26-CAA-318,pendente,aprovada_integral
964,L26-CAA-319,pendente,aprovada_integral
965,L26-CAA-320,pendente,aprovada_integral
966,L26-CAA-321,pendente,aprovada_integral
967,L26-CAA-322,pendente,aprovada_integral
968,L26-CAA-323,pendente,aprovada_integral
969,L26-CAA-324,pendente,aprovada_integral
970,L26-CAA-325,pendente,aprovada_integral
971,L26-CAA-326,pendente,aprovada_integral
972,L26-CAA-327,pendente,aprovada_integral
973,L26-CAA-328,pendente,aprovada_integral
974,L26-CAA-329,pendente,aprovada_integral
975,L26-CAA-330,pendente,aprovada_integral
985,L26-CAA-331,pendente,aprovada_integral
1007,L26-CAA-332,pendente,aprovada_integral
1013,L26-CAA-334,pendente,aprovada_integral
1017,L26-CAA-336,pendente,aprovada_integral
1018,L26-CAA-337,pendente,aprovada_integral
1019,L26-CAA-338,pendente,aprovada_integral
1020,L26-CAA-339,pendente,aprovada_integral
1021,L26-CAA-340,pendente,aprovada_integral
1022,L26-CAA-341,pendente,aprovada_integral
1023,L26-CAA-342,pendente,aprovada_integral
1024,L26-CAA-343,pendente,aprovada_integral
1026,L26-CAA-345,pendente,aprovada_integral
1029,L26-CAA-346,pendente,aprovada_integral
1043,L26-CAA-347,pendente,aprovada_integral
1044,L26-CAA-348,pendente,aprovada_integral
1045,L26-CAA-349,pendente,aprovada_integral
1046,L26-CAA-350,pendente,aprovada_integral
1052,L26-CAA-352,pendente,aprovada_integral
1055,L26-CAA-353,pendente,aprovada_integral
1061,L26-CAA-354,pendente,aprovada_integral
1064,L26-CAA-355,pendente,aprovada_integral
1065,L26-CAA-356,pendente,aprovada_integral
1067,L26-CAA-357,pendente,aprovada_integral
1074,L26-CAA-360,pendente,aprovada_integral
1075,L26-CAA-361,pendente,aprovada_integral
1076,L26-CAA-362,pendente,aprovada_integral
1078,L26-CAA-364,pendente,aprovada_integral
847,L26-GSI-15,pendente,aprovada_integral
558,L26-CTI-3,pendente,aprovada_integral
845,L26-GSI-13,pendente,aprovada_integral
1011,L26-GAECO-11,pendente,aprovada_integral
850,L26-GSI-18,pendente,aprovada_integral
840,L26-GSI-8,pendente,aprovada_integral
888,L26-CAA-243,pendente,aprovada_integral
853,L26-GSI-21,pendente,aprovada_integral
878,L26-CAA-233,pendente,aprovada_integral
766,L26-CAA-204,pendente,aprovada_integral
857,L26-GSI-25,pendente,aprovada_integral
1025,L26-CAA-344,pendente,aprovada_integral
767,L26-CAA-205,pendente,aprovada_integral
1063,L26-CTI-46,pendente,aprovada_integral999,L26-CTI-37,pendente,aprovada_integral