cod_pca_pdf,setor,objeto_pdf,item_id_sistema
A6A4,CAA,Ribbon de resina,545
2233,CAA,Purificador de agua,544
80FE,CAA,"Manutencao Preventiva e Corretiva com Fornecimento de Pecas dos Aparelhos de Ar-Condicionado, Bebedouro, Purificador de Agua, Frigobar, Geladeira MP-PI",1052
2CB8,CAA,Servico Securitarios para as Sedes da Procuradoria Geral de Justica,772
F0BC,CAA,GAVETEIRO VOLANTE COM 4 GAVETAS 400X470X620 MM,860
4D96,CAA,MESA RETANGULAR DIMENSOES 1200 X 600 X 740 MM,861
11DB,CAA,MESA REUNIAO REDONDA DIMENSOES 1200 X 740 MM,862
AE17,CAA,CADEIRA ESTOFADA FIXA,865
E994,CAA,BEBEDOURO TIPO COLUNA PARA GARRAFAO DE 20 LITROS,868
DEC4,CAA,Servicos Continuados de Auxiliar Administrativo - Cidade de Pedro II,876
F79C,CAA,"Agua mineral, natural, sem gas, em copo de 200ml, caixa com 48 unidades",880
CD36,CAA,Frasco de plastico de 500 ml para Sabonete Liquido Com Valvula Pump (Saboneteira),937
F5B1,CAA,Memoria Portatil Microcomputador Capacidade Memoria 16 Gb Pen Drive,923
D884,CAA,"Papel Timbrado Folha Oficio A4, Gramatura 75G/M2, Medindo 21X29,7Cm, Na Cor Branca",926
0CFF,CAA,"Cera liquida, alto brilho, Resistente E Antiestatico",932
2D7F,CAA,Aparelho Ar Condicionado Tipo Split Hi Wall Capacidade Refrigeracao 18.000 BTU,573
34B6,CAA,CADEIRA SOB LONGARINA 03 LUGARES,867
D4CD,CAA,"Fita Adesiva - Material Plastico Adesivo, Tipo Rotuladora, Largura 12 Mm",904
18FB,CAA,contratacao do posto de agente de limpeza para sede da Promotoria de Justica de Buriti dos Lopes,869
2192,CAA,Borrifador Material Plastico Aplicacao Acondicionar Solucao Reveladora,936
0D2A,CAA,"Frigobar, capacidade 120 l, tensao alimentacao 110/220 v",733
AF35,CAA,"Limpa Vidro - Aspecto Fisico Liquido, Composicao Lauril Eter, Sulfato De Sodio",949
E4EE,CAA,Suporte De Videocassete Televisao Material Aco Tipo Parede,738
5935,CAA,"Forno micro-ondas, capacidade 30 l, voltagem 220 v",735
B615,CAA,Aquisicao de Plantas Ornamentais e vasos,543
4C80,CAA,Aquisicao de tapetes em capacho,539
DBCF,CAA,"Servicos de manutencao preventiva e corretiva, com o fornecimento de pecas, para 2 motores-geradores de energia eletrica",542
F4D2,CAA,"Letra metalica, material aco inox, dimensoes 15x10x3cm",763
555C,CAA,Contratacao de empresa especializada na prestacao de servicos securitarios para a Van Sprinter laboratorio movel PROCON,540
B42E,CAA,Plaquetas em poliester (etiqueta adesiva),546
AE62,CAA,"Letra metalica, material aco inox, dimensoes 20x15x3cm",764
BCF5,CAA,Aquisicao de Banco de Preco,803
FC94,CAA,Cesto lixo Material Plastico Capacidade 30 L Caracteristicas Adicionais Pedal E Tampa,938
6DDC,CAA,Cesto Lixo Material Plastico Capacidade 10 L Caracteristicas Adicionais Telado,939
5861,CAA,"Lixeira em aco inox, 20 litros com acionamento por pedal e com balde",940
64D2,CAA,"Luva De Protecao Material Nitrilica, Aplicacao Limpeza, Tamanho Unico",946
7F2C,CAA,"Copo descartavel - Material Plastico, Capacidade 180 ML. Caixa 2500 unidades",947
89B9,CAA,Limpador Multiuso Instantaneo. Embalagem Frasco Com No Minimo 500 Ml,952
1251,CAA,Soda Caustica em Escamas Embalagem De 01 Kg,953
5B76,CAA,"Limpa carpete, tapetes e estofados, indicado para remocao de sujeiras de dificil remocao",954
9175,CAA,"Rodo Material Cabo Madeira Com Capa Plastica, Comprimento Suporte 40 Cm",957
3221,CAA,"Rodo Limpa Vidros (Telescopico, Cabo Extensor 3,10 Metros Para Vidros E Janelas)",958
3E7E,CAA,"Pa Coletora Lixo, Material Coletor Zinco Galvanizado Material Cabo Madeira",959
4BA6,CAA,"Escova Limpeza Geral, Material Corpo Plastico Material Cerdas Nailon, Aplicacao Vaso Sanitario",961
1532,CAA,"Escova Multiuso Oval, Produzida Em Plastico Resistente Com Cerdas Sinteticas",962
D650,CAA,"Pano Prato, Material Algodao Alvejado Comprimento 71 Cm Largura 48 Cm Cor Branca",966
1697,CAA,"Saco De Lixo P Uso Domestico, De Polietileno, Reforcado, Fundo Reto, Com Capacidade De 50 Litros",971
41E5,CAA,"Papel higienico 30 metros, Classe 01, folha dupla, cor branca, fardo com 64 rolos",972
5C9F,CAA,"Guardanapo De Papel Material Celulose, Largura 24 Cm, Comprimento 24 Cm",975
7B72,CAA,Servicos Continuados de Auxiliar Administrativo - Uniao,1013
6D16,CAA,Fornecimento de Agua Tratada e tratamento de Esgoto - SAAE OEIRAS,1017
E435,CAA,Prestacao de Servico Terceirizado de Assistente Social e Pedagogo e Psicologo para atender projetos NAVI,1021
6E44,CAA,Fornecimento de Agua Tratada e Tratamento de Esgoto - SAAE CAMPO MAIOR,1018
3521,CAA,Fornecimento de Agua Tratada e Tratamento de Esgoto Sanitario - Aguas de Teresina,1019
B8CB,CAA,Servico de Monitoramento e Rastreamento dos Veiculos do MPPI,1023
AF89,CAA,Servico de Monitoramento e Rastreamento dos Veiculos do MPPI (FEPDC),1024
D6F4,CAA,Prestacao de Servico de Telefonia Movel Pessoal e Servicos de Dados - Procon,1020
179D,CAA,"Agua Mineral Natural, sem gas, (Recarga), acondicionada em embalagem retornavel, (Garrafao), de 20 litros. Lote Teresina",877
9FFC,CAA,Plaquetas em poliester (etiqueta adesiva),1046
2FFB,CAA,"Refrigerador domestico, capacidade 240 a 260 l, voltagem 220 v",734
6136,CAA,Contratacao de Transporte Intermunicipal de Carga - PAC correios,806
D16A,CAA,Servico de Monitoramento e Rastreamentos dos veiculos do MPPI (PGJ),804
A656,CAA,Servico de Monitoramento e Rastreamentos dos veiculos do MPPI (FEPDC),805
B4F9,CAA,Contratacao de servicos de fornecimento de agua tratada e coleta de esgoto sanitario - imoveis interior - AGUAS DO PIAUI,1064
AB16,CAA,Servicos sem dedicacao exclusiva de mao de obra de empresa tecnica especializada laboratorio movel PROCON,1061
D053,CAA,Prestacao de Servico de Telefonia Movel Pessoal e Servicos de Dados,1067
82DF,CAA,Servicos Securitarios para os Veiculos Pertencentes a Frota Propria da PGJ,1065
DC40,CAA,Prestacao de Servico de Coleta de Lixo do MP-PI em Teresina,1007
7C88,CAA,Contratacao de produtos e servicos por meio de pacote de Servico dos correios,1029
816C,CAA,"Servicos de manutencao preventiva e corretiva, com o fornecimento de pecas, para 2 motores-geradores de energia eletrica (2)",1044
9994,CAA,Ribbon de resina (2),1045
F92C,CAA,"Papel Higienico Rolao Medindo 300M X 0,10Cm",973
0AD4,CAA,Aquisicao de tapetes em capacho (2),1043
6A65,CAA,Aquisicao de pick-up,1055
BD0B,CCF,Servicos de arrecadacao de taxas e emolumentos cartorarios pelo BRADESCO - FMMPPI,1035
8641,CCF,Sistema Web de Gestao Tributaria,1004
864E,CCF,"Servicos de gerenciamento e pagamento da folha de pagamento de membros, servidores e estagiarios do MPPI",1034
737E,CCF,Servicos de arrecadacao de taxas e emolumentos cartorarios pelo BRADESCO - FPROCON,1036
A41C,CCS,11o Premio MPPI de Jornalismo,874
0A99,CCS,"Confeccao de placas em inox, gravadas por corrosao quimica, para uso em inauguracoes de sedes",789
84EF,CCS,"Servico de Agenciamento de Viagens, Especializada em Emissao de Passagens Aereas Nacionais",1027
4B81,CEAF,Servico de Acesso a Plataforma Juridica de Pesquisa Online Jus Brasil Pro,1009
F6DD,CLC,Assinatura Anual (5 Licenca) da Ferramenta Zenite Facil com IA,555
D455,CLC,Curso sobre a nova lei de licitacoes e contratos para pareceristas,990
7830,CLC,Curso de gestao e fiscalizacao de contratos,989
AAC2,CPPT,Ata de Manutencao Predial - Lote I - Teresina,815
80CD,CPPT,"Locacao de Imovel para o GAECO, GSI E GERGOG",559
D024,CPPT,"Aquisicao, Instalacao e Manutencao de cercas eletricas nas Sedes das Promotorias de Justica do interior do Estado",993
846B,CPPT,Locacao de imovel para a PJ de Buriti dos Lopes,795
B4ED,CPPT,Locacao de Imovel para a PJ de Barro Duro - PI,770
C995,CPPT,Locacao de Imovel para a Casa da Cidadania,791
66BB,CPPT,Sistemas de protecao contra incendios,771
C69C,CPPT,Locacao de Imovel para a PJ de Monsenhor Gil - PI,793
09C2,CPPT,Locacao de Imovel para a PJ de Picos - PI,794
EBA5,CPPT,Locacao de Imovel para a PJ de Regeneracao -PI (nova),812
F77B,CPPT,Manutencao Corretiva da plataforma elevatoria da sede das Promotorias de Floriano e Oeiras,1014
2337,CPPT,Manutencao Preventiva e Corretiva de Elevadores,1010
544E,CPPT,Contratacao de locacao de imovel para abrigar a Promotoria de Justica de Piracuruca,1015
2E72,CPPT,Locacao de Imovel para a PJ de Amarante - PI,1033
41D0,CPPT,Avaliacao de imoveis,875
BF93,CPPT,Locacao de Imovel para a PJ de Marcos Parente - PI,1038
8895,CPPT,Locacao de Imovel para a PJ de Batalha - PI,790
4CD5,CPPT,Locacao de Imovel para a PJ de Jose de Freitas - PI,1051
C30F,CPPT,Contratacao de software de orcamento de obras - OrcaFascio,1068
3D42,CPPT,Locacao de Imovel para a PJ de Altos - PI,1048
CF40,CRH,Servico de Cobertura Securitaria (Apolice Aberta) para Assegura Vidas de Estagiarios e Servidores Voluntarios do MPPI,551
27FB,CRH,Coordenacao e Execucao das Aulas de Canto,1003
A435,CTI,SSD NVME 480GB,775
02C8,CTI,HD Externo de 2TB,777
9583,CTI,Memoria RAM DDR4 8GB,780
C449,CTI,SSD SATA 480GB,783
E63E,CTI,Fornecimento de solucao Tecnologicas de Seguranca Corporativa na Modalidade SAAS - Harpia,553
7E4A,CTI,Etiquetadora,773
6525,CTI,Abracadeiras de Nylon 20 CM,823
726B,CTI,Bobinas de Etiquetadoras Rotuladoras,825
EDA7,CTI,Porca Gaiola - pacote com 100,824
61F1,CTI,Conectores RJ-45 CAT6 - pacote com 100,826
29B8,CTI,Firewall por 36 meses (Sede MPPI unidade Centro e Sede dos Grupos),979
85F9,CTI,Link de Internet com dupla abordagem,1040
76B0,CTI,Fornecimento de Assinaturas Digital ICP-Brasil - BRY TECNOLOGIA,1030
7FE6,CTI,IMacs,978
1CEE,CTI,SOLUCAO DE COMUNICACAO PARA INTERLIGACAO DA SEDE DO MPPI COM AS DEMAIS UNIDADES REDE MPLS,1062
C0EB,CTI,Alicate de Crimpagem,827
BAD6,CTI,Caixa de Cabo de rede CAT6,829
D9B0,CTI,Switches 48 portas,830
54CC,CTI,Aquisicao de Certificados Digitais,1066
4233,CTI,Switches 24 portas,831
E858,CTI,Servico de Fornecimento de Link de Acesso a Internet e Comunicacao de Dados,1054
90AD,GAECO,Micro cameras espia,821
71E9,GAECO,Binoculo profissional,819
2C34,GAECO,Rastreadores veicular,820
A98D,GAECO,material de Escuta ambiente,822
8B03,GSI,Aquisicao de testes psicologicos que atendam as necessidades do Ministerio Publico do Estado do Piaui,1002
22CB,GSI,Fragmentadora de papel,856
5A3F,CAA,"Recarga de Gas Liquefeito de Petroleo (GLP), somente a recarga, 13kg",708
0409,CAA,Servico de Recarga de Extintores de Incendio,1022
E57C,CAA,Gerenciamento do Abastecimento e da manutencao da Frota Veicular do MPPI,556
973B,CAA,"Manutencao Preventiva e Corretiva com Fornecimento de Pecas dos Aparelhos de Ar-Condicionador tipo split, Bebedouro, Purificador de Agua, Frigobar, Geladeira, recarga de Gas MP-PI",560
2DFE,CAA,Aquisicao de material de manutencao predial e construcao,1074
B886,CAA,Cabo Hdmi De 15 Metros Alta Velocidade Tecnologia Ultra Hd 4K,606
3D6A,CAA,CADEIRA EMPILHAVEL,866
BAE4,CAA,"Agua mineral, natural, sem gas, em garrafa de 1,5 litro, fardo com 6 unidades",879
8D8D,CAA,"Agua mineral, natural, sem gas, em garrafoes de 20 litros (L) retornavel, com tampa e lacre de seguranca, validade minima de 06 meses (recarga). Regional Norte",881
0525,CAA,"Servico de Agente de Limpeza Institucional, com dedicacao exclusiva de mao de obra",985
929E,CAA,"Mouse, confeccionado em plastico, optico, com 3 botoes",924
C4D7,CAA,"Teclado para computador, Padrao Abnt-2, Com Conector Usb",925
B81D,CAA,Agua Sanitaria 1L,927
29AC,CAA,Desinfetante 1 L,928
E491,CAA,"Sabao Po - aplicacao lavar roupas, limpeza geral",930
5351,CAA,Sabao barra - Composicao Basica Sais e Acido Graxo,931
BE4B,CAA,Lustrador Moveis Componentes Cera Microcristalina Oleo Parafinico Silicone,933
DA05,CAA,Esponja Limpeza Material Espuma Fibra Sintetica Formato Retangular,963
C245,CAA,Seguro para veiculos do PROCON: Onibus e Motocicletas,561
BF97,CAA,Servicos Continuados de Auxiliar Administrativo - Cidade de Teresina e Picos,566
8A53,CAA,Toner Impressora Samsung SL-M4070FR,587
B9D6,CAA,Toner Impressora Samsung SCX-4833,588
A522,CAA,Toner Impressora HP PRO M428FDW (monocromatica),589
5733,CAA,"Disco Corte Material Videa, Diametro 30 Cm",680
052C,CAA,"Detergente liquido lava louca com glicerina, testado dermatologicamente",929
7B29,CAA,Armario Material Mdp 25mm Tipo Baixo Quantidade Portas 2 UN,739
8960,CAA,Gaveteiro Movel Material Mdp 25mm Quantidade Gavetas 3 UN,740
2BEE,CAA,Mesa Escritorio Material Estrutura Tubo Aco Material Tampo Madeira Revestimento Mesa Em L,742
22DB,CAA,"Mesa Reuniao oval Material Madeira Aglomerada Mdp Comprimento 2,70 M",748
06D3,CAA,Mesa Material Estrutura Parafusos Material Tampo Mdp Largura 1200 mm Altura 740 mm,743
AD48,CAA,"Mesa Reuniao Retangular Material Madeira Aglomerada Mdp Comprimento 2,00 M",747
3667,CAA,"Cadeira giratoria espaldar alto, tipo fraque telado, com apoio de cabeca, Giratoria a gas (dispensa)",751
BD6A,CAA,"Cadeira giratoria espaldar alto, tipo fraque telado, com apoio de cabeca, Giratoria a gas (pregao)",752
342C,CAA,"Cadeira giratoria espaldar alto, tipo fraque telado, Giratoria a gas (dispensa baixa)",753
DC4B,CAA,"Prestacao de Servico de Dedetizacao, Desratizacao e Descupinizacao das Sedes do MPPI",769
9500,CAA,Bebedouro Agua Garrafao Material Aco Galvanizado Tipo Eletrico De Coluna,798
7F50,CAA,Contratacao de empresa especializada na prestacao de servicos de chaveiro,541
26E3,CAA,Servico de Administracao de Estacionamento atraves de cancelas de acesso na sede leste em Teresina-PI,557
8953,CAA,Aquisicao de cavaletes para exposicao de quadros de Obra de Arte,760
EF79,CAA,Desodorizador Sanitario Composicao Dodecil Benzeno Sulfonato De Sodio,934
2B8D,CAA,Balde De Plastico - 15 L Em Plastico De Alta Resistencia E Reforcado,935
D03A,CAA,"Alcool Gel Glicerinado Neutro Antisseptico Para Maos, Etanol A 70%",941
179A,CAA,"Alcool Etilico Hidratado 46 Inpm, 1 Litro",942
518E,CAA,Alcool Gel Anti-Septico Para As Maos 5 Litros Principio Ativo Etilico 70%,943
D931,CAA,"Mascara Cirurgica Tripla Descartavel, C Clip Nasal, Filtro Bfe>95% Atoxica",944
12DE,CAA,Luva Para Procedimento Nao Cirurgico Material Latex Natural Integro E Uniforme Tamanho Medio,945
C761,CAA,"Copo Descartavel Material Poliestireno, Capacidade 50 Ml, Aplicacao Cafe",948
4AEF,CAA,"Inseticida Domestico, Aerosol, Composto De Ingredientes Ativos Imiprotrina 0,07%",950
65DE,CAA,Aromatizador De Ambientes Aerossol - Capacidade 360Ml/305G,951
CE2D,CAA,"Sabonete Liquido Aspecto Fisico Liquido Cremoso Perolado, Aplicacao Assepsia Das Maos",955
D126,CAA,"Disco, Limpador, Cor Verde, Cerda Em Fibra Sintetica, Em Mineral Abrasivo E Adesivo Sintetico",956
8D4F,CAA,"Vassoura Nylon Multiuso Para Limpeza De Pisos Diversos, Corredores E Patios Em Geral",960
536D,CAA,"Esponja Limpeza Material La De Aco Carbono, Formato Retangular",964
D7B7,CAA,"Pano Limpeza Material 100% Algodao, Comprimento 80 Cm, Largura 50 Cm",965
F901,CAA,"Flanela, Medindo 40X60cm. Tecido Com Acabamento Flanelado Em Ambos Os Lados",967
402C,CAA,"Saco De Lixo P Uso Domestico, De Polietileno, Reforcado, Fundo Reto, Com Capacidade De 15 Litros",968
0387,CAA,"Saco De Lixo P Uso Domestico, De Polietileno, Reforcado, Com Capacidade De 100 Litros",969
4B19,CAA,"Saco De Lixo P Uso Domestico, De Polietileno, Com Capacidade De 30 Litros",970
1C44,CAA,"Servico de Telefonia fixa Comutada IP, com estrutura de Comunicacoes Unificadas e PABX em Nuvem",1026
3E0E,CAA,"Televisor, Tamanho Tela 43 POL Voltagem 110/220 V",737
A3AA,CAA,Gaveteiro Fixo Material Madeira Tipo Madeira Aglomerado Mdp Quantidade Gavetas 2 UN,749
1D78,CAA,"Cadeira giratoria espaldar alto telado, com regulagem de apoio lombar, com apoio de cabeca",750
D18C,CAA,"Saco Plastico Transparente, De Alta Resistencia, Dimensoes 50X80 Cm",1075
A3F2,CAA,"Servico de Agente de Limpeza Institucional, com dedicacao exclusiva de mao de obra - POSTO BURITI DOS LOPES",1076
45C7,CAA,Servicos Continuados de Auxiliar Administrativo - Teresina e Campo Maior,814
E877,CCF,Treinamento Reforma tributaria e seus impactos no Setor Publico CBS IBS IS,585
AA43,CCF,Treinamento Gestao Tributaria no Setor publico. Retencoes de IRRF INSS ISS,584
3EA6,CCF,Gerenciamento do duodecimo e cartao corporativo da PGJ pelo Banco do Brasil,1037
EFBE,CCS,Assinatura de servico de streaming para transmissao da Radio MPPI e servicos de manutencao da radio,582
8986,CCS,Producao e edicao de videos institucionais,581
B0ED,CCS,Fornecimento de flores,563
93D0,CCS,Fornecimento de coqueteis e outras refeicoes festivas,1000
B354,CCS,Servico de locacao de mobiliario e itens de decoracao para eventos,565
FC11,CCS,Prestacao de Servico de Interpretacao Simultanea em Libras,1008
8818,CCS,Prestacao de Servicos Graficos,1031
35E0,CCS,Servicos de Clipping Jornalistico,1058
072D,CLC,Publicacao de editais e outros em jornal de grande circulacao,1032
743F,CPPT,Ata de Manutencao Predial - Lote III (varios municipios do interior),981
49AF,CPPT,IPTU sede leste,568
B0EC,CPPT,Contratacao de empresa para fornecimento de energia eletrica,792
378C,CPPT,Locacao de Imovel para a PJ de Esperantina - PI (renovacao),807
33AB,CPPT,Ata de Manutencao Predial - Lote II (varios municipios do interior),980
C5DE,CPPT,Locacao de Imovel na Zona Leste de Teresina,1039
F136,CPPT,Ata de Manutencao Predial - Lote IV (varios municipios do interior),992
4724,CPPT,Locacao de Imovel para a PJ de Regeneracao -PI (renovacao),998
4716,CPPT,Locacao de Imovel para a PJ de Sao Raimundo Nonato - PI,811
EA2C,CRH,Aquisicao de crachas,536
FADF,CTI,Filtro de linha,828
44DB,CTI,BATERIA SELADA 12V 9A,567
4DBF,CTI,Servicos Gerenciados de Computacao em Nuvem - Ready Tecnologia,1006
369D,CTI,Licenca de uso do Software Atlassian Crowd,562
36B7,CTI,Servico Anual de Subscricao de Solucao de Protecao de Dispositivos - Antivirus,550
B9E9,CTI,BATERIA SELADA 12V 7A,776
4EB1,CTI,BATERIA SELADA 12V 45A Estacionaria,774
E66A,CTI,"Plataforma Alura, de Ensino a Distancia - EAD",1005
DAB3,CTI,Fabrica de Software,1028
5125,CTI,Nobreak de 1500VA,781
C185,GAECO,Licenca de base do SERPRO para integracao ao OMNIS,1053
676A,GAECO,Falcon Sistemas,1060
CFC6,GAECO,Clearview - Software de reconhecimento facial Clearview AI versoes basic e professional,549
5AF7,GAECO,Kit Bateria Dji Mavic 3 Enterprise Series,818
D482,GSI,CONTROLE UNIVERSAL PARA MOTOR DE PORTAO,796
B3B4,CAA,POLTRONA GIRATORIA OPERACIONAL ESPALDAR MEDIO COM BRACOS REGULAVEIS,755
06C4,CAA,Aparelho Ar Condicionado Tipo Split Hi Wall Capacidade Refrigeracao 12.000 BTU,569
E044,CAA,Aparelho Ar Condicionado Tipo Split Hi Wall Capacidade Refrigeracao 18.000 BTU (dispensa),571
8E17,CAA,Aparelho Ar Condicionado Tipo Split Hi Wall Capacidade Refrigeracao 12.000 BTU (dispensa),570
EEAF,CAA,Aparelho Ar Condicionado Tipo Split Hi Wall Capacidade Refrigeracao 18.000 BTU (dispensa 2),572
7BAC,CAA,Aparelho Ar Condicionado Tipo Split Modelo Split Inverter Capacidade Refrigeracao 24.000 BTU,574
FF6A,CAA,Aparelho Ar Condicionado Tipo Split Modelo Split Inverter Capacidade Refrigeracao 30.000 BTU,576
ED02,CAA,Aparelho Ar Condicionado Tipo Split Modelo Split Inverter Capacidade Refrigeracao 24.000 BTU (2),575
2577,CAA,Aparelho Ar Condicionado Tipo Split Modelo Split Inverter Capacidade Refrigeracao 30.000 BTU (2),577
BE93,CAA,"Toalha De Papel - Material Papel, Tipo Folha 2 Dobras, Comprimento 21,50 Cm",974
0F7C,CAA,Aquisicao de material de manutencao predial e construcao (aditivo),1078
35EB,CCS,"Trofeus, medalhas e placas de homenagem",580
463D,CPPT,Locacao de Imovel para a PJ de Esperantina - PI (nova),552
CEE0,CPPT,"Manutencao de edificacoes com aplicacao de material, para o Ministerio Publico do Estado do Piaui",1080
B977,CPPT,"Manutencao de edificacoes com aplicacao de material, para o Ministerio Publico do Estado do Piaui (2)",1082
6EC3,CPPT,"Manutencao de edificacoes com aplicacao de material, para o Ministerio Publico do Estado do Piaui (3)",1079
67BC,CPPT,"Manutencao de edificacoes com aplicacao de material, para o Ministerio Publico do Estado do Piaui (4)",1081
