setor,cod_pca_pdf,objeto,uo,qtd,valor_unit,valor_total
CAA,146E,VASILHAME DE GAS DE COZINHA SEM CARGA DE GAS - GLP 45 KG COM MONTAGEM INCLUSA,PGJ,2,1115.71,2231.42
CAA,5A3F,"Recarga de Gas Liquefeito de Petroleo (GLP), somente a recarga, 13kg",PGJ,50,131.0,6550.0
CAA,2FE7,"Servico de Manutencao Preventiva e Corretiva de Aparelhos de Ar-Condicionado, bebedouro, purificador de agua, frigobar, geladeira",PGJ,1,90000.0,90000.0
CAA,0409,Servico de Recarga de Extintores de Incendio,PGJ,1,17267.56,17267.56
CAA,6F6F,Servico de Manutencao Preventiva e Corretiva de Aparelhos de Ar-Condicionado (apostilamento),PGJ,1,40000.0,40000.0
CAA,JGI0,Servicos Securitarios para os Veiculos Pertencentes a Frota Propria do PROCON,FEPDC,1,7900.0,7900.0
CAA,A6A4,Ribbon de resina,FEPDC,50,35.0,1750.0
CAA,2233,Purificador de agua,FEPDC,2,956.37,1912.74
CAA,80FE,"Manutencao Preventiva e Corretiva com Fornecimento de Pecas dos Aparelhos de Ar-Condicionado, Bebedouro, Purificador de Agua, Frigobar, Geladeira MP-PI",PGJ,1,170066.0,170066.0
CAA,E57C,Gerenciamento do Abastecimento e da manutencao da Frota Veicular do MPPI,FMMP,1,1173010.0,1173010.0
CAA,F8OH,Contratacao de servicos securitarios para veiculos frota propria FEPDC/PI,FEPDC,1,13212.65,13212.65
CAA,2CB8,Servico Securitarios para as Sedes da Procuradoria Geral de Justica,PGJ,1,13285.0,13285.0
CAA,973B,"Manutencao Preventiva e Corretiva com Fornecimento de Pecas dos Aparelhos de Ar-Condicionador tipo split, Bebedouro, Purificador de Agua, Frigobar, Geladeira, recarga de Gas MP-PI",PGJ,1,11500.0,11500.0
CAA,MWAY,Acucar tipo Cristal Pacote de 1 kg,PGJ,994,3.96,3936.24
CAA,1936,"Servicos continuados de Auxiliar Administrativo, Agente de Limpeza, Auxiliar de Servicos Gerais, Bombeiro Hidraulico, Carregador de Volumes, Copeiragem, Eletricista, Garconaria, Motorista, Office Boy, Operador de Som e Imagem, Recepcionista, Telefonista",PGJ,1,3572724.8,3572724.8
CAA,2DFE,Aquisicao de material de manutencao predial e construcao,PGJ,1,178773.21,178773.21
CAA,B886,Cabo Hdmi De 15 Metros Alta Velocidade Tecnologia Ultra Hd 4K,PGJ,5,97.97,489.85
CAA,CA01,Garrafa termica de 500 ml com ampola de vidro rosca higienica alca ergonomica,PGJ,70,21.5,1505.0
CAA,F0BC,GAVETEIRO VOLANTE COM 4 GAVETAS 400X470X620 MM,FEPDC,5,834.17,4170.85
CAA,4D96,MESA RETANGULAR DIMENSOES 1200 X 600 X 740 MM,FEPDC,24,874.32,20983.68
CAA,11DB,MESA REUNIAO REDONDA DIMENSOES 1200 X 740 MM,FEPDC,5,1087.03,5435.15
CAA,AE17,CADEIRA ESTOFADA FIXA,FEPDC,10,796.0,7960.0
CAA,B3B4,POLTRONA GIRATORIA OPERACIONAL ESPALDAR MEDIO COM BRACOS REGULAVEIS,FEPDC,20,1400.0,28000.0
CAA,3D6A,CADEIRA EMPILHAVEL,FEPDC,24,515.0,12360.0
CAA,E994,BEBEDOURO TIPO COLUNA PARA GARRAFAO DE 20 LITROS,FEPDC,6,900.0,5400.0
CAA,835D,"Vasilhame para agua mineral de 20 litros, somente o vasilhame, produto novo primeiro uso",PGJ,75,19.15,1436.25
CAA,DEC4,Servicos Continuados de Auxiliar Administrativo - Cidade de Pedro II,PGJ,1,0.0,0.0
CAA,BAE4,"Agua mineral, natural, sem gas, em garrafa de 1,5 litro, fardo com 6 unidades",PGJ,11250,1.59,17887.5
CAA,F79C,"Agua mineral, natural, sem gas, em copo de 200ml, caixa com 48 unidades",PGJ,10000,0.85,8500.0
CAA,4F3A,"Garrafa termica com capacidade de 1 litro, corpo em polipropileno, ampola em vidro",PGJ,60,24.7,1482.0
CAA,601D,"Garrafa termica, de pressao, com capacidade de 1,8 litro, corpo em aco inox",PGJ,15,74.0,1110.0
CAA,83D6,"Coador de papel para filtrar cafe no 103, caixa com 30 unidades",PGJ,140,3.0,420.0
CAA,B3B8,Coador Cafe - Filtro De Tecido Para Cafe 22 Cm Diametro X 30 Cm Altura,PGJ,35,6.8,238.0
CAA,8D8D,"Agua mineral, natural, sem gas, em garrafoes de 20 litros (L) retornavel, com tampa e lacre de seguranca, validade minima de 06 meses (recarga). Regional Norte",PGJ,3000,15.0,45000.0
CAA,7SMD,Servico de mao de obra com dedicacao exclusiva - Auxiliar Administrativo,PGJ,1,568806.0,568806.0
CAA,0525,"Servico de Agente de Limpeza Institucional, com dedicacao exclusiva de mao de obra",FMMP,1,1865936.0,1865936.0
CAA,CD36,Frasco de plastico de 500 ml para Sabonete Liquido Com Valvula Pump (Saboneteira),PGJ,55,4.97,273.35
CAA,F5B1,Memoria Portatil Microcomputador Capacidade Memoria 16 Gb Pen Drive,PGJ,30,22.0,660.0
CAA,929E,"Mouse, confeccionado em plastico, optico, com 3 botoes",PGJ,40,17.49,699.6
CAA,C4D7,"Teclado para computador, Padrao Abnt-2, Com Conector Usb",PGJ,30,32.0,960.0
CAA,D884,"Papel Timbrado Folha Oficio A4, Gramatura 75G/M2, Medindo 21X29,7Cm, Na Cor Branca",PGJ,2500,26.5,66250.0
CAA,B81D,Agua Sanitaria 1L,PGJ,4950,1.5,7425.0
CAA,29AC,Desinfetante 1 L,PGJ,5940,2.5,14850.0
CAA,E491,"Sabao Po - aplicacao lavar roupas, limpeza geral",PGJ,3025,3.2,9680.0
CAA,5351,Sabao barra - Composicao Basica Sais e Acido Graxo,PGJ,138,9.0,1242.0
CAA,0CFF,"Cera liquida, alto brilho, Resistente E Antiestatico",PGJ,11,43.0,473.0
CAA,1471,"Cadeira giratoria espaldar alto, tipo fraque telado, Giratoria a gas",FEPDC,8,2000.0,16000.0
CAA,BE4B,Lustrador Moveis Componentes Cera Microcristalina Oleo Parafinico Silicone,PGJ,1100,3.0,3300.0
CAA,DA05,Esponja Limpeza Material Espuma Fibra Sintetica Formato Retangular,PGJ,3300,0.85,2805.0
CAA,2D7F,Aparelho Ar Condicionado Tipo Split Hi Wall Capacidade Refrigeracao 18.000 BTU,FEPDC,6,3587.36,21524.16
CAA,FC0F,"Letra metalica, material aco inox, dimensoes 50x30x3cm",FEPDC,10,1000.0,10000.0
CAA,A505,"letra metalica, material chapa aco escovado no 22, dimensoes 40,0x3,0",FEPDC,10,480.0,4800.0
CAA,C245,Seguro para veiculos do PROCON: Onibus e Motocicletas,FEPDC,1,0.0,0.0
CAA,BF97,Servicos Continuados de Auxiliar Administrativo - Cidade de Teresina e Picos,PGJ,1,200000.0,200000.0
CAA,6507,Mesa Escritorio Material Estrutura Madeira Material Tampo Madeira Revestimento,FEPDC,8,850.0,6800.0
CAA,34B6,CADEIRA SOB LONGARINA 03 LUGARES,FEPDC,15,1990.0,29850.0
CAA,8A53,Toner Impressora Samsung SL-M4070FR,PGJ,165,264.0,43560.0
CAA,B9D6,Toner Impressora Samsung SCX-4833,PGJ,70,185.0,12950.0
CAA,A522,Toner Impressora HP PRO M428FDW (monocromatica),PGJ,90,279.0,25110.0
CAA,D4CD,"Fita Adesiva - Material Plastico Adesivo, Tipo Rotuladora, Largura 12 Mm",PGJ,25,10.5,262.5
CAA,9PVI,"servicos continuos de manejo arboreo, Poda de Rebaixamento de Copa e Supressao",PGJ,1,40700.0,40700.0
CAA,18FB,contratacao do posto de agente de limpeza para sede da Promotoria de Justica de Buriti dos Lopes,FMMP,1,19631.59,19631.59
CAA,5733,"Disco Corte Material Videa, Diametro 30 Cm",PGJ,10,35.29,352.9
CAA,2192,Borrifador Material Plastico Aplicacao Acondicionar Solucao Reveladora,PGJ,28,7.5,210.0
CAA,73C6,"CAFE em po torrado e moido (referencia 3 coracoes premium, marata superior ou santa clara premium)",PGJ,11450,15.21,174154.5
CAA,0D8E,"Cadeira giratoria em tela, espaldar medio telado na cor preta, Giratoria a gas",FEPDC,18,1400.0,25200.0
CAA,0D2A,"Frigobar, capacidade 120 l, tensao alimentacao 110/220 v",FEPDC,20,1215.23,24304.6
CAA,AF35,"Limpa Vidro - Aspecto Fisico Liquido, Composicao Lauril Eter, Sulfato De Sodio",PGJ,50,12.5,625.0
CAA,C71B,"Cafeteira Eletrica Material Aco Inoxidavel Capacidade 1,2 L",FEPDC,17,241.0,4097.0
CAA,E4EE,Suporte De Videocassete Televisao Material Aco Tipo Parede,FEPDC,10,40.35,403.5
CAA,5935,"Forno micro-ondas, capacidade 30 l, voltagem 220 v",FEPDC,17,807.0,13719.0
CAA,052C,"Detergente liquido lava louca com glicerina, testado dermatologicamente",PGJ,4455,2.5,11137.5
CAA,B615,Aquisicao de Plantas Ornamentais e vasos,FMMP,1,11000.0,11000.0
CAA,4C80,Aquisicao de tapetes em capacho,FMMP,25,409.0,10225.0
CAA,B6A8,Fogao Gas. Tipo Fogao Convencional. Quantidade Bocas 4 UN,FEPDC,4,1287.0,5148.0
CAA,7B29,Armario Material Mdp 25mm Tipo Baixo Quantidade Portas 2 UN,FEPDC,5,903.31,4516.55
CAA,8960,Gaveteiro Movel Material Mdp 25mm Quantidade Gavetas 3 UN,FEPDC,5,834.17,4170.85
CAA,2BEE,Mesa Escritorio Material Estrutura Tubo Aco Material Tampo Madeira Revestimento Mesa Em L,FEPDC,10,1395.65,13956.5
CAA,22DB,"Mesa Reuniao oval Material Madeira Aglomerada Mdp Comprimento 2,70 M",FEPDC,1,2031.09,2031.09
CAA,06D3,Mesa Material Estrutura Parafusos Material Tampo Mdp Largura 1200 mm Altura 740 mm,FEPDC,12,874.32,10491.84
CAA,CA35,Mesa Material Estrutura Parafusos Material Tampo Mdp Largura 1200 mm Altura 740 mm (pregao),FEPDC,10,900.0,9000.0
CAA,AD48,"Mesa Reuniao Retangular Material Madeira Aglomerada Mdp Comprimento 2,00 M",FEPDC,3,1698.2,5094.6
CAA,3667,"Cadeira giratoria espaldar alto, tipo fraque telado, com apoio de cabeca, Giratoria a gas (dispensa)",FEPDC,27,1991.0,53757.0
CAA,BD6A,"Cadeira giratoria espaldar alto, tipo fraque telado, com apoio de cabeca, Giratoria a gas (pregao)",FEPDC,13,2300.0,29900.0
CAA,DBCF,"Servicos de manutencao preventiva e corretiva, com o fornecimento de pecas, para 2 motores-geradores de energia eletrica",PGJ,1,10000.0,10000.0
CAA,342C,"Cadeira giratoria espaldar alto, tipo fraque telado, Giratoria a gas (dispensa baixa)",FEPDC,10,1822.0,18220.0
CAA,B267,Cadeira Empilhavel Material Estrutura Aco Inox Cor Preta,FEPDC,80,515.0,41200.0
CAA,F4D2,"Letra metalica, material aco inox, dimensoes 15x10x3cm",FEPDC,100,122.0,12200.0
CAA,C5CC,"Letra metalica, material aco escovado, dimensoes 10x5cm",FEPDC,100,85.0,8500.0
CAA,555C,Contratacao de empresa especializada na prestacao de servicos securitarios para a Van Sprinter laboratorio movel PROCON,FEPDC,1,5648.0,5648.0
CAA,B42E,Plaquetas em poliester (etiqueta adesiva),FEPDC,50,110.0,5500.0
CAA,DC4B,"Prestacao de Servico de Dedetizacao, Desratizacao e Descupinizacao das Sedes do MPPI",PGJ,2830,0.49,1386.7
CAA,9500,Bebedouro Agua Garrafao Material Aco Galvanizado Tipo Eletrico De Coluna,FEPDC,13,695.73,9044.49
CAA,44AA,Bebedouro Agua Garrafao Material Aco Galvanizado Tipo Eletrico De Coluna (pregao),FEPDC,8,720.0,5760.0
CAA,7F50,Contratacao de empresa especializada na prestacao de servicos de chaveiro,PGJ,1,11840.0,11840.0
CAA,26E3,Servico de Administracao de Estacionamento atraves de cancelas de acesso na sede leste em Teresina-PI,PGJ,1,20292.0,20292.0
CAA,06C4,Aparelho Ar Condicionado Tipo Split Hi Wall Capacidade Refrigeracao 12.000 BTU,FEPDC,11,1719.0,18909.0
CAA,8953,Aquisicao de cavaletes para exposicao de quadros de Obra de Arte,FEPDC,10,200.0,2000.0
CAA,E044,Aparelho Ar Condicionado Tipo Split Hi Wall Capacidade Refrigeracao 18.000 BTU (dispensa),FEPDC,8,2778.0,22224.0
CAA,AE62,"Letra metalica, material aco inox, dimensoes 20x15x3cm",FEPDC,32,144.0,4608.0
CAA,8E17,Aparelho Ar Condicionado Tipo Split Hi Wall Capacidade Refrigeracao 12.000 BTU (dispensa),FEPDC,4,2443.26,9773.04
CAA,EEAF,Aparelho Ar Condicionado Tipo Split Hi Wall Capacidade Refrigeracao 18.000 BTU (dispensa 2),FEPDC,6,3587.36,21524.16
CAA,7BAC,Aparelho Ar Condicionado Tipo Split Modelo Split Inverter Capacidade Refrigeracao 24.000 BTU,FEPDC,7,3304.0,23128.0
CAA,FF6A,Aparelho Ar Condicionado Tipo Split Modelo Split Inverter Capacidade Refrigeracao 30.000 BTU,FEPDC,4,4300.0,17200.0
CAA,ED02,Aparelho Ar Condicionado Tipo Split Modelo Split Inverter Capacidade Refrigeracao 24.000 BTU (2),FEPDC,3,4552.04,13656.12
CAA,2577,Aparelho Ar Condicionado Tipo Split Modelo Split Inverter Capacidade Refrigeracao 30.000 BTU (2),FEPDC,3,6025.73,18077.19
CAA,BCF5,Aquisicao de Banco de Preco,PGJ,1,11679.87,11679.87
CAA,EF79,Desodorizador Sanitario Composicao Dodecil Benzeno Sulfonato De Sodio,PGJ,5940,1.2,7128.0
CAA,2B8D,Balde De Plastico - 15 L Em Plastico De Alta Resistencia E Reforcado,PGJ,110,10.0,1100.0
CAA,FC94,Cesto lixo Material Plastico Capacidade 30 L Caracteristicas Adicionais Pedal E Tampa,PGJ,28,50.0,1400.0
CAA,6DDC,Cesto Lixo Material Plastico Capacidade 10 L Caracteristicas Adicionais Telado,PGJ,33,8.0,264.0
CAA,5861,"Lixeira em aco inox, 20 litros com acionamento por pedal e com balde",PGJ,14,150.0,2100.0
CAA,D03A,"Alcool Gel Glicerinado Neutro Antisseptico Para Maos, Etanol A 70%",PGJ,83,5.64,468.12
CAA,179A,"Alcool Etilico Hidratado 46 Inpm, 1 Litro",PGJ,825,4.81,3968.25
CAA,518E,Alcool Gel Anti-Septico Para As Maos 5 Litros Principio Ativo Etilico 70%,PGJ,33,34.55,1140.15
CAA,D931,"Mascara Cirurgica Tripla Descartavel, C Clip Nasal, Filtro Bfe>95% Atoxica",PGJ,165,10.16,1676.4
CAA,12DE,Luva Para Procedimento Nao Cirurgico Material Latex Natural Integro E Uniforme Tamanho Medio,PGJ,17,24.7,419.9
CAA,64D2,"Luva De Protecao Material Nitrilica, Aplicacao Limpeza, Tamanho Unico",PGJ,248,14.13,3504.24
CAA,7F2C,"Copo descartavel - Material Plastico, Capacidade 180 ML. Caixa 2500 unidades",PGJ,165,81.0,13365.0
CAA,C761,"Copo Descartavel Material Poliestireno, Capacidade 50 Ml, Aplicacao Cafe",PGJ,22,85.0,1870.0
CAA,4AEF,"Inseticida Domestico, Aerosol, Composto De Ingredientes Ativos Imiprotrina 0,07%",PGJ,100,8.7,870.0
CAA,65DE,Aromatizador De Ambientes Aerossol - Capacidade 360Ml/305G,PGJ,350,9.6,3360.0
CAA,89B9,Limpador Multiuso Instantaneo. Embalagem Frasco Com No Minimo 500 Ml,PGJ,300,3.45,1035.0
CAA,1251,Soda Caustica em Escamas Embalagem De 01 Kg,PGJ,2,18.0,36.0
CAA,5B76,"Limpa carpete, tapetes e estofados, indicado para remocao de sujeiras de dificil remocao",PGJ,20,11.0,220.0
CAA,CE2D,"Sabonete Liquido Aspecto Fisico Liquido Cremoso Perolado, Aplicacao Assepsia Das Maos",PGJ,80,14.0,1120.0
CAA,D126,"Disco, Limpador, Cor Verde, Cerda Em Fibra Sintetica, Em Mineral Abrasivo E Adesivo Sintetico",PGJ,11,31.6,347.6
CAA,9175,"Rodo Material Cabo Madeira Com Capa Plastica, Comprimento Suporte 40 Cm",PGJ,110,8.8,968.0
CAA,3221,"Rodo Limpa Vidros (Telescopico, Cabo Extensor 3,10 Metros Para Vidros E Janelas)",PGJ,8,115.0,920.0
CAA,3E7E,"Pa Coletora Lixo, Material Coletor Zinco Galvanizado Material Cabo Madeira",PGJ,50,7.5,375.0
CAA,8D4F,"Vassoura Nylon Multiuso Para Limpeza De Pisos Diversos, Corredores E Patios Em Geral",PGJ,330,9.5,3135.0
CAA,4BA6,"Escova Limpeza Geral, Material Corpo Plastico Material Cerdas Nailon, Aplicacao Vaso Sanitario",PGJ,165,5.2,858.0
CAA,1532,"Escova Multiuso Oval, Produzida Em Plastico Resistente Com Cerdas Sinteticas",PGJ,33,6.1,201.3
CAA,536D,"Esponja Limpeza Material La De Aco Carbono, Formato Retangular",PGJ,83,1.5,124.5
CAA,D7B7,"Pano Limpeza Material 100% Algodao, Comprimento 80 Cm, Largura 50 Cm",PGJ,2200,4.5,9900.0
CAA,D650,"Pano Prato, Material Algodao Alvejado Comprimento 71 Cm Largura 48 Cm Cor Branca",PGJ,550,4.6,2530.0
CAA,F901,"Flanela, Medindo 40X60cm. Tecido Com Acabamento Flanelado Em Ambos Os Lados",PGJ,1760,1.99,3502.4
CAA,402C,"Saco De Lixo P Uso Domestico, De Polietileno, Reforcado, Fundo Reto, Com Capacidade De 15 Litros",PGJ,330,6.0,1980.0
CAA,0387,"Saco De Lixo P Uso Domestico, De Polietileno, Reforcado, Com Capacidade De 100 Litros",PGJ,385,16.0,6160.0
CAA,4B19,"Saco De Lixo P Uso Domestico, De Polietileno, Com Capacidade De 30 Litros",PGJ,330,7.0,2310.0
CAA,1697,"Saco De Lixo P Uso Domestico, De Polietileno, Reforcado, Fundo Reto, Com Capacidade De 50 Litros",PGJ,220,10.0,2200.0
CAA,41E5,"Papel higienico 30 metros, Classe 01, folha dupla, cor branca, fardo com 64 rolos",PGJ,396,88.95,35224.2
CAA,BE93,"Toalha De Papel - Material Papel, Tipo Folha 2 Dobras, Comprimento 21,50 Cm",PGJ,4950,8.99,44500.5
CAA,5C9F,"Guardanapo De Papel Material Celulose, Largura 24 Cm, Comprimento 24 Cm",PGJ,2475,4.4,10890.0
CAA,7B72,Servicos Continuados de Auxiliar Administrativo - Uniao,PGJ,1,43247.16,43247.16
CAA,6D16,Fornecimento de Agua Tratada e tratamento de Esgoto - SAAE OEIRAS,PGJ,1,2000.0,2000.0
CAA,E435,Prestacao de Servico Terceirizado de Assistente Social e Pedagogo e Psicologo para atender projetos NAVI,PGJ,1,768117.36,768117.36
CAA,6E44,Fornecimento de Agua Tratada e Tratamento de Esgoto - SAAE CAMPO MAIOR,PGJ,1,1000.0,1000.0
CAA,3521,Fornecimento de Agua Tratada e Tratamento de Esgoto Sanitario - Aguas de Teresina,PGJ,1,160000.0,160000.0
CAA,B8CB,Servico de Monitoramento e Rastreamento dos Veiculos do MPPI,PGJ,42,20.0,10080.0
CAA,AF89,Servico de Monitoramento e Rastreamento dos Veiculos do MPPI (FEPDC),FEPDC,21,20.0,5040.0
CAA,D6F4,Prestacao de Servico de Telefonia Movel Pessoal e Servicos de Dados - Procon,FEPDC,1,25322.64,25322.64
CAA,179D,"Agua Mineral Natural, sem gas, (Recarga), acondicionada em embalagem retornavel, (Garrafao), de 20 litros. Lote Teresina",PGJ,2500,4.2,10500.0
CAA,1C44,"Servico de Telefonia fixa Comutada IP, com estrutura de Comunicacoes Unificadas e PABX em Nuvem",PGJ,1,397063.24,397063.24
CAA,9FFC,Plaquetas em poliester (etiqueta adesiva),FEPDC,50,20.0,1000.0
CAA,3E0E,"Televisor, Tamanho Tela 43 POL Voltagem 110/220 V",FEPDC,10,1644.41,16444.1
CAA,2FFB,"Refrigerador domestico, capacidade 240 a 260 l, voltagem 220 v",FEPDC,4,2244.0,8976.0
CAA,A3AA,Gaveteiro Fixo Material Madeira Tipo Madeira Aglomerado Mdp Quantidade Gavetas 2 UN,FEPDC,15,360.0,5400.0
CAA,1D78,"Cadeira giratoria espaldar alto telado, com regulagem de apoio lombar, com apoio de cabeca",FEPDC,6,2911.0,17466.0
CAA,6136,Contratacao de Transporte Intermunicipal de Carga - PAC correios,PGJ,1,6182.28,6182.28
CAA,D16A,Servico de Monitoramento e Rastreamentos dos veiculos do MPPI (PGJ),PGJ,42,840.0,10080.0
CAA,A656,Servico de Monitoramento e Rastreamentos dos veiculos do MPPI (FEPDC),FEPDC,21,240.0,5040.0
CAA,0F7C,Aquisicao de material de manutencao predial e construcao (aditivo),PGJ,1,94612.25,94612.25
CAA,C94E,"Recarga de Gas Liquefeito de Petroleo (GLP), somente a recarga, 45kg",PGJ,15,501.0,7515.0
CAA,D18C,"Saco Plastico Transparente, De Alta Resistencia, Dimensoes 50X80 Cm",PGJ,28,55.0,1540.0
CAA,B4F9,Contratacao de servicos de fornecimento de agua tratada e coleta de esgoto sanitario - imoveis interior - AGUAS DO PIAUI,PGJ,1,84000.0,84000.0
CAA,AB16,Servicos sem dedicacao exclusiva de mao de obra de empresa tecnica especializada laboratorio movel PROCON,FEPDC,1,259000.0,259000.0
CAA,D053,Prestacao de Servico de Telefonia Movel Pessoal e Servicos de Dados,PGJ,1,333118.0,333118.0
CAA,A3F2,"Servico de Agente de Limpeza Institucional, com dedicacao exclusiva de mao de obra - POSTO BURITI DOS LOPES",FMMP,1,44974.0,44974.0
CAA,82DF,Servicos Securitarios para os Veiculos Pertencentes a Frota Propria da PGJ,PGJ,1,53297.0,53297.0
CAA,DC40,Prestacao de Servico de Coleta de Lixo do MP-PI em Teresina,PGJ,1,20266.5,20266.5
CAA,7C88,Contratacao de produtos e servicos por meio de pacote de Servico dos correios,PGJ,1,120000.0,120000.0
CAA,816C,"Servicos de manutencao preventiva e corretiva, com o fornecimento de pecas, para 2 motores-geradores de energia eletrica (2)",PGJ,1,116604.04,116604.04
CAA,9994,Ribbon de resina (2),FEPDC,50,35.0,1750.0
CAA,45C7,Servicos Continuados de Auxiliar Administrativo - Teresina e Campo Maior,PGJ,1,150000.0,150000.0
CAA,F92C,"Papel Higienico Rolao Medindo 300M X 0,10Cm",PGJ,25,32.99,824.75
CAA,0AD4,Aquisicao de tapetes em capacho (2),PGJ,25,460.0,11500.0
CAA,6A65,Aquisicao de pick-up,FMMP,2,231990.0,463980.0
CCF,BD0B,Servicos de arrecadacao de taxas e emolumentos cartorarios pelo BRADESCO - FMMPPI,FMMP,1,1358.8,1358.8
CCF,E877,Treinamento Reforma tributaria e seus impactos no Setor Publico CBS IBS IS,PGJ,6,2690.0,16140.0
CCF,AA43,Treinamento Gestao Tributaria no Setor publico. Retencoes de IRRF INSS ISS,PGJ,3,3490.0,10470.0
CCF,8641,Sistema Web de Gestao Tributaria,PGJ,1,13000.0,13000.0
CCF,3EA6,Gerenciamento do duodecimo e cartao corporativo da PGJ pelo Banco do Brasil,PGJ,1,1500.0,1500.0
CCF,864E,"Servicos de gerenciamento e pagamento da folha de pagamento de membros, servidores e estagiarios do MPPI",PGJ,1,0.0,0.0
CCF,737E,Servicos de arrecadacao de taxas e emolumentos cartorarios pelo BRADESCO - FPROCON,FEPDC,1,5000.0,5000.0
CCS,A41C,11o Premio MPPI de Jornalismo,PGJ,1,37500.0,37500.0
CCS,EFBE,Assinatura de servico de streaming para transmissao da Radio MPPI e servicos de manutencao da radio,PGJ,1,8622.0,8622.0
CCS,8986,Producao e edicao de videos institucionais,PGJ,1,50000.0,50000.0
CCS,B0ED,Fornecimento de flores,FMMP,1,26990.0,26990.0
CCS,93D0,Fornecimento de coqueteis e outras refeicoes festivas,PGJ,1,10000.0,10000.0
CCS,0A99,"Confeccao de placas em inox, gravadas por corrosao quimica, para uso em inauguracoes de sedes",FMMP,1,55000.0,55000.0
CCS,B354,Servico de locacao de mobiliario e itens de decoracao para eventos,PGJ,1,65200.0,65200.0
CCS,35EB,"Trofeus, medalhas e placas de homenagem",FMMP,1,20000.0,20000.0
CCS,FC11,Prestacao de Servico de Interpretacao Simultanea em Libras,PGJ,1,5000.0,5000.0
CCS,8818,Prestacao de Servicos Graficos,PGJ,1,150000.0,100500.0
CCS,84EF,"Servico de Agenciamento de Viagens, Especializada em Emissao de Passagens Aereas Nacionais",PGJ,1,800000.0,800000.0
CCS,35E0,Servicos de Clipping Jornalistico,PGJ,1,3910.5,3910.5
CEAF,4B81,Servico de Acesso a Plataforma Juridica de Pesquisa Online Jus Brasil Pro,PGJ,1,95000.0,95000.0
CLC,F6DD,Assinatura Anual (5 Licenca) da Ferramenta Zenite Facil com IA,PGJ,1,21800.0,21800.0
CLC,D455,Curso sobre a nova lei de licitacoes e contratos para pareceristas,PGJ,2,2850.0,5700.0
CLC,072D,Publicacao de editais e outros em jornal de grande circulacao,PGJ,180,0.0,0.0
CLC,7830,Curso de gestao e fiscalizacao de contratos,PGJ,3,2850.0,8550.0
CPPT,AAC2,Ata de Manutencao Predial - Lote I - Teresina,FMMP,1,399960.0,199980.0
CPPT,743F,Ata de Manutencao Predial - Lote III (varios municipios do interior),FMMP,1,266640.0,186648.0
CPPT,80CD,"Locacao de Imovel para o GAECO, GSI E GERGOG",PGJ,1,201224.0,201224.0
CPPT,D024,"Aquisicao, Instalacao e Manutencao de cercas eletricas nas Sedes das Promotorias de Justica do interior do Estado",FMMP,1,100000.0,100000.0
CPPT,Y1NX,Aquisicao de testes psicologicos,PGJ,8,214.8,1718.4
CPPT,846B,Locacao de imovel para a PJ de Buriti dos Lopes,PGJ,1,28238.0,28238.0
CPPT,49AF,IPTU sede leste,PGJ,1,222553.99,222553.99
CPPT,B4ED,Locacao de Imovel para a PJ de Barro Duro - PI,PGJ,1,11000.0,11000.0
CPPT,C995,Locacao de Imovel para a Casa da Cidadania,PGJ,1,333594.76,333594.76
CPPT,66BB,Sistemas de protecao contra incendios,FMMP,1,300000.0,300000.0
CPPT,C69C,Locacao de Imovel para a PJ de Monsenhor Gil - PI,PGJ,1,25200.0,25200.0
CPPT,09C2,Locacao de Imovel para a PJ de Picos - PI,PGJ,1,289116.0,289116.0
CPPT,B0EC,Contratacao de empresa para fornecimento de energia eletrica,FMMP,1,1251000.0,1251000.0
CPPT,378C,Locacao de Imovel para a PJ de Esperantina - PI (renovacao),PGJ,1,39329.1,39329.1
CPPT,EBA5,Locacao de Imovel para a PJ de Regeneracao -PI (nova),PGJ,1,0.0,0.0
CPPT,33AB,Ata de Manutencao Predial - Lote II (varios municipios do interior),FMMP,1,133320.0,133320.0
CPPT,F77B,Manutencao Corretiva da plataforma elevatoria da sede das Promotorias de Floriano e Oeiras,FMMP,1,31860.0,31860.0
CPPT,2337,Manutencao Preventiva e Corretiva de Elevadores,PGJ,1,102967.93,102967.93
CPPT,544E,Contratacao de locacao de imovel para abrigar a Promotoria de Justica de Piracuruca,PGJ,1,27000.0,27000.0
CPPT,2E72,Locacao de Imovel para a PJ de Amarante - PI,PGJ,1,15000.0,15000.0
CPPT,C5DE,Locacao de Imovel na Zona Leste de Teresina,PGJ,1,1320000.0,1320000.0
CPPT,41D0,Avaliacao de imoveis,PGJ,30,1000.0,30000.0
CPPT,BF93,Locacao de Imovel para a PJ de Marcos Parente - PI,PGJ,1,29610.0,29610.0
CPPT,F136,Ata de Manutencao Predial - Lote IV (varios municipios do interior),FMMP,1,399960.0,199980.0
CPPT,8895,Locacao de Imovel para a PJ de Batalha - PI,PGJ,1,27588.0,27588.0
CPPT,463D,Locacao de Imovel para a PJ de Esperantina - PI (nova),PGJ,1,0.0,0.0
CPPT,4CD5,Locacao de Imovel para a PJ de Jose de Freitas - PI,PGJ,1,35014.0,35014.0
CPPT,C30F,Contratacao de software de orcamento de obras - OrcaFascio,PGJ,1,10071.0,10071.0
CPPT,3D42,Locacao de Imovel para a PJ de Altos - PI,PGJ,1,105000.0,105000.0
CPPT,CEE0,"Manutencao de edificacoes com aplicacao de material, para o Ministerio Publico do Estado do Piaui",FMMP,1,547.21,547.21
CPPT,B977,"Manutencao de edificacoes com aplicacao de material, para o Ministerio Publico do Estado do Piaui (2)",FMMP,1,229.69,229.69
CPPT,4724,Locacao de Imovel para a PJ de Regeneracao -PI (renovacao),PGJ,1,13562.1,13562.1
CPPT,6EC3,"Manutencao de edificacoes com aplicacao de material, para o Ministerio Publico do Estado do Piaui (3)",FMMP,1,4911.62,4911.62
CPPT,67BC,"Manutencao de edificacoes com aplicacao de material, para o Ministerio Publico do Estado do Piaui (4)",FMMP,1,770.64,770.64
CPPT,4716,Locacao de Imovel para a PJ de Sao Raimundo Nonato - PI,PGJ,1,66062.61,66062.61
CRH,CF40,Servico de Cobertura Securitaria (Apolice Aberta) para Assegura Vidas de Estagiarios e Servidores Voluntarios do MPPI,PGJ,1,1100.0,1100.0
CRH,EA2C,Aquisicao de crachas,PGJ,600,8.5,5100.0
CRH,27FB,Coordenacao e Execucao das Aulas de Canto,PGJ,1,24000.0,24000.0
CTI,FADF,Filtro de linha,FMMP,100,98.44,9844.0
CTI,EKOP,HEADSETS (Circumaural - over-ear),FMMP,100,190.0,19000.0
CTI,44DB,BATERIA SELADA 12V 9A,FMMP,100,139.16,13916.0
CTI,4DBF,Servicos Gerenciados de Computacao em Nuvem - Ready Tecnologia,FMMP,1,4000000.0,4000000.0
CTI,A435,SSD NVME 480GB,FMMP,20,322.58,6451.6
CTI,369D,Licenca de uso do Software Atlassian Crowd,FMMP,1,77183.65,77183.65
CTI,36B7,Servico Anual de Subscricao de Solucao de Protecao de Dispositivos - Antivirus,PGJ,1,511075.82,511075.82
CTI,B9E9,BATERIA SELADA 12V 7A,FMMP,100,98.0,9800.0
CTI,02C8,HD Externo de 2TB,FMMP,20,577.83,11556.6
CTI,9583,Memoria RAM DDR4 8GB,FMMP,200,204.88,40976.0
CTI,C449,SSD SATA 480GB,FMMP,200,297.91,59582.0
CTI,E63E,Fornecimento de solucao Tecnologicas de Seguranca Corporativa na Modalidade SAAS - Harpia,PGJ,1,588298.25,588298.25
CTI,7E4A,Etiquetadora,FMMP,5,285.15,1425.75
CTI,4EB1,BATERIA SELADA 12V 45A Estacionaria,FMMP,6,531.43,3188.58
CTI,6525,Abracadeiras de Nylon 20 CM,FMMP,10,32.27,322.7
CTI,726B,Bobinas de Etiquetadoras Rotuladoras,FMMP,15,51.93,778.95
CTI,EDA7,Porca Gaiola - pacote com 100,FMMP,10,65.46,654.6
CTI,61F1,Conectores RJ-45 CAT6 - pacote com 100,FMMP,30,36.45,1093.5
CTI,29B8,Firewall por 36 meses (Sede MPPI unidade Centro e Sede dos Grupos),PGJ,1,1553207.77,1553207.77
CTI,E66A,"Plataforma Alura, de Ensino a Distancia - EAD",FMMP,15,1500.0,22500.0
CTI,85F9,Link de Internet com dupla abordagem,PGJ,1,234000.0,234000.0
CTI,76B0,Fornecimento de Assinaturas Digital ICP-Brasil - BRY TECNOLOGIA,PGJ,500000,0.08,40000.0
CTI,DAB3,Fabrica de Software,FMMP,1,1056600.0,1056600.0
CTI,7FE6,IMacs,FMMP,2,20980.0,41960.0
CTI,5125,Nobreak de 1500VA,FMMP,78,635.38,49559.64
CTI,A7DC,Desktops,FMMP,100,6194.22,619422.0
CTI,340A,Solucao de Tecnologia e Comunicacao de Licencas do Software Microsoft Power Bi Premium per User,FMMP,11,1512.07,16632.77
CTI,9DC2,Gestao e Controle de Contas de Usuarios Privilegiados (PAM),FMMP,1,2875153.51,2875153.51
CTI,1CEE,SOLUCAO DE COMUNICACAO PARA INTERLIGACAO DA SEDE DO MPPI COM AS DEMAIS UNIDADES REDE MPLS,FMMP,1,1736634.02,1736634.02
CTI,C0EB,Alicate de Crimpagem,FMMP,10,122.66,1226.6
CTI,BAD6,Caixa de Cabo de rede CAT6,FMMP,50,1002.48,50124.0
CTI,D9B0,Switches 48 portas,FMMP,10,19305.55,193056.0
CTI,54CC,Aquisicao de Certificados Digitais,FMMP,1,9000.0,9000.0
CTI,4233,Switches 24 portas,FMMP,25,13067.16,326679.0
CTI,634A,Suporte de Servico - SERVICE DESK (CENTRAL DE SERVICOS),FMMP,1,1668028.0,1668028.0
CTI,E858,Servico de Fornecimento de Link de Acesso a Internet e Comunicacao de Dados,PGJ,1,32490.47,32490.47
GAECO,CBE0,"Solucao para Contornar e Identificar Bloqueios, Extracao, Processamento e Analise de Dados",FMMP,1,363616.32,363616.32
GAECO,C185,Licenca de base do SERPRO para integracao ao OMNIS,PGJ,1,79367.1,79367.1
GAECO,676A,Falcon Sistemas,FEPDC,1,84801.0,84801.0
GAECO,CFC6,Clearview - Software de reconhecimento facial Clearview AI versoes basic e professional,PGJ,1,144690.0,144690.0
GAECO,90AD,Micro cameras espia,FEPDC,10,50.0,500.0
GAECO,5AF7,Kit Bateria Dji Mavic 3 Enterprise Series,FEPDC,2,9000.0,18000.0
GAECO,71E9,Binoculo profissional,FEPDC,1,2000.0,2000.0
GAECO,2C34,Rastreadores veicular,FEPDC,10,50.0,500.0
GAECO,A98D,material de Escuta ambiente,FEPDC,5,100.0,500.0
GSI,AB66,Camera de seguranca Tipo speed dome,FEPDC,1,3724.67,3724.67
GSI,8B03,Aquisicao de testes psicologicos que atendam as necessidades do Ministerio Publico do Estado do Piaui,PGJ,12,232.33,2787.97
GSI,8942,"sistema circuito fechado tv, componentes dvr 16 canais",FEPDC,6,1609.91,9659.46
GSI,553F,"CONVERSOR IMPEDANCIA, TIPO BALUN BNC/P4",FEPDC,65,25.0,1625.0
GSI,9948,"CAIXA PLASTICA, MATERIAL POLIETILENO",FEPDC,65,12.47,810.55
GSI,474A,Fechadura eletrica de sobrepor com acionamento remoto,FEPDC,2,169.36,338.72
GSI,DB20,Botoeira. Especificacoes Alcance RF 100 m sem obstaculo,FEPDC,2,52.56,105.12
GSI,HFMQ,CAMERA VHD DOME,FEPDC,30,271.54,8146.2
GSI,B856,"BATERIA SELADA, TENSAO 12 V, AMPERAGEM 7 AH",FEPDC,6,121.5,729.0
GSI,22CB,Fragmentadora de papel,PGJ,10,950.0,9500.0
GSI,5D49,Camera seguranca (bullet externa),FEPDC,36,315.02,11340.72
GSI,0DBF,"Sensor eletronico, tipo de presenca",FEPDC,12,75.88,910.56
GSI,A82B,"CONECTOR AUDIO-VIDEO, TIPO P4 MACHO",FEPDC,100,2.45,245.0
GSI,5BEE,"sistema circuito fechado tv, componentes dvr 8canais hdcvi 1008",FEPDC,3,1186.9,3560.7
GSI,460E,"sistema circuito fechado tv, componentes dvr 32 canais",FEPDC,1,4183.19,4183.19
GSI,6116,"Central monitoramento, tensao 100/240 v",FEPDC,3,796.26,2388.78
GSI,2FC4,Disco Rigido Removivel. Capacidade Memoria 8 TB,FEPDC,9,1747.49,15727.41
GSI,F681,"FONTE ALIMENTACAO, TENSAO ALIMENTACAO 100/240 V",FEPDC,12,104.91,1258.92
GSI,E909,"SIRENE MULTIAPLICACAO, TIPO ELETRONICA, SAIDA 12 V",FEPDC,3,42.67,128.01
GSI,981C,"MOTOR ELETRICO, TIPO SEMI-INDUSTRIAL PIVOTANTE",FEPDC,4,1188.75,4755.0
GSI,D482,CONTROLE UNIVERSAL PARA MOTOR DE PORTAO,FEPDC,20,21.32,426.4
ASSESPPLAGES,7CEA,"Hospedagem em hotel (Quarto individual e quarto duplo) em Picos/PI, incluindo cafe da manha, wi-fi e estacionamento",PGJ,8,225.0,1800.0
ASSESPPLAGES,944D,"Hospedagem em hotel (Quarto Triplo) em Picos/PI, incluindo cafe da manha, wi-fi e estacionamento",PGJ,4,230.0,920.0
