CONTRATOS MP/PI- 2025;;;;;;;
;;;;;;;
;;;;;;;
;;;;;;;
Nº CONTRATO;UNIDADE ORÇAMENTÁRIA;Nº PROCESSO;DATA ASS. CONTRATO;DATA /PUBLICAÇÃO DOEMPI;DATA /PUBLICAÇÃO PNCP;DATA /PUBLICAÇÃO TCE;DATA /PUBLICAÇÃO SITE
01/2025;FMMPPI;19.21.0431.0011193/2024-61;;;;;
02/2025;PGJ;19.21.0428.0001705/2025-05;;;;;
03/2025;PGJ;19.21.0428.0000513/2025-82;31/01/2025;05/02/2025;04/02/2025;06/02/2025;06/02/2025
04/2025;PGJ;19.21.0428.0001687/2025-06;;;;;
05/2025;PGJ;19.21.0428.0000512/2025-12;31/01/2025;05/02/2025;04/02/2025;06/02/2025;06/02/2025
06/2025;PGJ;19.21.0428.0002394/2025-26;;;;;
07/2025;FPDC;19.21.0016.0001406/2025-96;05/02/2025;11/02/2025;11/02/2025;11/02/2025;11/02/2025
08/2025;FPDC;19.21.0412.0020969/2024-40;17/02/2025;18/02/2025;18/02/2025;18/02/2025;18/02/2025
09/2025;FMMP/PI;19.21.0016.0032480/2024-54;11/02/2025;12/02/2025;14/02/2025;14/02/2025;14/02/2025
10/2025;FMMP/PI;19.21.0011.0045631/2024-72;;;;;
11/2025;PGJ;19.21.0428.0000517/2025-71;CONTRATO NÃO ASSINADO PELA EMPRESA;;;;
12/2025;FMMP/PI;19.21.0431.0000521/2025-15;12/02/2025;17/02/2025;17/02/2025;17/02/2025;17/02/2025
13/2025;FPDC;19.21.0427.0000558/2025-46;14/02/2025;18/02/2025;18/02/2025;18/02/2025;18/02/2025
14/2025;FPDC;19.21.0427.0000566/2025-24;25/02/2025;27/02/2025;28/02/2025;28/02/2025;28/02/2025
15/2025;PGJ;19.21.0016.0003604/2025-17;25/02/2025;26/02/2025;27/02/2025;27/02/2025;27/02/2025
16/2025;FPDC;19.21.0427.0000565/2025-51;26/02/2025;28/02/2025;28/02/2025;28/02/2025;28/02/2025
17/2025;FMMPPI;19.21.0431.0031890/2024-59;12/03/2025;14/03/2025;14/03/2025;14/03/2025;14/03/2025
18/2025;FPDC;19.21.0427.0000564/2025-78;25/02/2025;26/02/2025;27/02/2025;27/02/2025;27/02/2025
19/2025;FPDC;19.21.0427.0005171/2025-43;25/02/2025;27/02/2025;28/02/2025;28/02/2025;28/02/2025
20/2025;PGJ;19.21.0011.0000484/2025-39;;;;;
21/2025;FPDC;19.21.0427.0007553/2025-40;13/02/2025;17/03/2025;20/03/2025;21/03/2025;21/03/2025
22/2025;PGJ;19.21.0428.0006870/2025-36;;;;;
23/2025;PGJ;19.21.0428.0006564/2025-53;O CONTRATADO NÃO ASSINOU O CONTRATO (Água);;;;
24/2025;PGJ;19.21.0428.0000514/2025-55;27/03/2025;;;;
25/2025;PGJ;19.21.0428.0007507/2025-06;31/03/2025;;;;
26/2025;PGJ;19.21.0428.0007435/2025-10;O CONTRATADO NÃO ASSINOU O CONTRATO;;;;
27/2025;PGJ;19.21.0428.0007500/2025-98;07/04/2025;;;;
28/2025;FMMP/PI;19.21.0431.0029094/2024-85;;;;;
29/2025;FPDC;19.21.0010.0021149/2024-46;;;;;
30/2025;PGJ;19.21.0428.0000510/2025-66;;;;;
31/2025;PGJ;19.21.0428.0002514/2025-84;;;;;
32/2025;FMMP/PI;19.21.0016.0011964/2025-16;22/04/2025;24/04/2025;24/04/2025;24/04/2025;24/04/2025
33/2025;FMMP/PI;19.21.0016.0006096/2025-51;22/04/2025;23/04/2025;24/04/2025;24/04/2025;24/04/2025
34/2025;PGJ;19.21.0428.0012017/2025-68;30/04/2024;05/05/2025;06/05/2025;06/05/2025;06/05/2025
35/2025;FPDC;19.21.0427.0016112/2024-04;05/05/2024;;;;
36/2025;FPDC;19.21.0427.0016112/2024-04;06/05/2025;;;;
37/2025;FPDC;19.21.0427.0016112/2024-04;08/05/2025;;;;
38/2025;FPDC;19.21.0427.0016112/2024-04;06/05/2025;;;;
39/2025;PGJ;19.21.0436.0009260/2025-85;;;;;
40/2025;FMMP/PI;19.21.0016.0000809/2025-16;20/05/2025;21/05/2025;21/05/2025;21/05/2025;21/05/2025
41/2025;FMMPI;19.21.0431.0015069/2025-69;15/05/2025;;15/05/2025;;
42/2025;FMMP/PI;19.21.0011.0014475/2025-97;;;;;
43/2025;FMMP/PI;19.21.0016.0016275/2025-19;21/05/2025;;;;
44/2025;PGJ;19.21.0015.0037033/2024-37;23/05/2025;26/05/2025;26/05/2025;26/05/2025;26/05/2025
45/2025;FMMP/PI;19.21.0531.0016597/2025-90;29/05/2025;;;;
46/2025;FPDC;19.21.0427.0015856/2025-26;;;;;
47/2025;FMMP/PI;19.21.0531.0016604/2025-95;28/05/2025;;;;
48/2025;FPDC;19.21.0427.0015855/2025-53;;;;;
49/2025;PGJ;19.21.0014.0017475/2025-47;;;;;
50/2025;FMMP/PI;19.21.0016.0012965/2025-52;10/06/2025;11/06/2025;11/06/2025;11/06/2025;11/06/2025
51/2025;PGJ;19.21.0016.0014989/2025-15;07/06/2025;;;;
52/2025;FMMP/PI;19.21.0431.0018606/2025-18;12/06/2025;;;;
53/2025;PGJ;19.21.0428.0000515/2025-28;30/06/2025;;;;
54/2025;PGJ;19.21.0016.0015175/2025-37;30/06/2025;;;;
55/2025;FMMP/PI;19.21.0016.0016704/2025-76;01/07/2025;;;;
56/2025;PGJ;07.797.967/0001-95;;;;;
57/2025;PGJ;19.21.0011.0006035/2025-27;;;;;
58/2025;PGJ;19.21.0011.0022821/2025-86;;;;;
59/2025;FPDC;19.21.0427.0020694/2025-59;11/07/2025;;;;
60/2025;FPDC;19.21.0427.0020695/2025-32;10/07/2025;;;;
61/2025;FPDC;19.21.0427.0021101/2025-31;10/07/2025;;;;
62/2025;FPDC;19.21.0427.0020693/2025-86;10/07/2025;;;;
63/2025;PGJ;19.21.0012.0019246/2025-81;;;;;
64/2025;FMMP/PI;19.21.0412.0017780/2025-04;14/07/2025;16/07/2025;não publicado no pncp pelos motivos expostos na manifestação constante nos autos;17/07/2025;
65/2025;FPDC;19.21.0427.0024160/2025-82;28/07/2025;30/07/2025;31/07/2025;31/07/2025;31/07/2025
66/2025;FPDC;19.21.0427.0024161/2025-55;28/07/2025;30/07/2025;31/07/2025;31/07/2025;31/07/2025
67/2025;FPDC;19.21.0427.0024159/2025-12;28/07/2025;;;;
68/2025;FMMP/PI;19.21.0016.0023411/2025-86;14/08/2025;20/08/2025;19/08/2025;22/08/2025;25/08/2025
69/2025;FMMP/PI;19.21.0016.0002008/2025-41;07/08/2025;12/08/2025;15/08/2025;15/08/2025;15/08/2025
70/2025;PGJ;19.21.0010.0043533/2024-85;08/08/2025;;;;
71/2025;FPDC;19.21.0016.0023319/2025-48;15/08/2025;20/08/2025;19/08/2025;22/08/2025;25/08/2025
72/2025;FMMP/PI;19.21.0010.0013910/2024-44;18/08/2025;;;;
73/2025;FMMP/PI;19.21.0431.0029501/2025-54;15/08/2025;;;;
74/2025;FMMP/PI;19.21.0785.0027418/2025-60;22/08/2025;;;;
75/2025;FMMP/PI;19.21.0014.0028741/2024-60;29/08/2025;;01/09/2025;;
76/2025;FPDC;19.21.0427.0030993/2025-85;;;;;
77/2025;FPDC;19.21.0427.0030989/2025-96;;;;;
78/2025;FMMP/PI;19.21.0431.0029988/2025-97;;;;;
79/2025;FMMP/PI;19.21.0016.0029660/2025-46;;;;;
80/2025;FPDC;19.21.0427.0030994/2025-58;;;;;
81/2025;FPDC;19.21.0427.0031039/2025-07;;;;;
82/2025;FMMP/PI;19.21.0011.0016516/2025-86;;;;;
83/2025;PGJ;19.21.0010.0016432/2025-41;;;;;
84/2025;PGJ;19.21.0010.0032160/2025-51;11/09/2025;15/09/2025;12/09/2025;16/09/2025;17/09/2025
85/2025;PGJ;19.21.0010.0030489/2025-63;15/09/2025;17/09/2025;16/09/2025;18/09/2025;19/09/2025
86/2025;PGJ;19.21.0010.0030492/2025-79;12/09/2025;15/09/2025;12/09/2025;16/09/2025;17/09/2025
87/2025;FMMP/PI;19.21.0016.0030797/2025-96;11/09/2025;15/09/2025;12/09/2025;17/09/2025;17/09/2025
88/2025;FMMP/PI;19.21.0438.0001974/2025-61;;;;;
89/2025;FPDC;19.21.0427.0030991/2025-42;15/09/2025;;;;
90/2025;FMMP/PI;19.21.0011.0002071/2025-64;;;;;
91/2025;PGJ;19.21.0721.0015109/2025-71;18/09/2025;22/09/2025;19/09/2025;22/09/2025;22/09/2025
92/2025;PGJ;19.21.0428.0031214/2025-20;17/09/2025;;;;
93/2025;FMMPPI;19.21.0016.0030753/2025-23;23/09/2025;;;;
94/2025;FPDC;19.21.0427.0019479/2025-78;23/09/2025;;;;
95/2025;FMMP/PI;19.21.0431.0034600/2025-24;16/10/2025;;;;
96/2025;PGJ;19.21.0378.0028005/2025-16;20/10/2025;;;;
97/2025;FMMP/PI;19.21.0431.0037118/2025-35;;;;;
98/2025 em aberto;FMMP/PI;19.21.0438.0001974/2025-61;;;;;
99/2025;FMMP/PI;19.21.0431.0037831/2025-87;;;;;
100/2025;FMMP/PI;19.21.0011.0002729/2025-49;;;;;
101/2025;FMMP/PI;19.21.0016.0034838/2025-17;;;;;
102/2025;FMMP/PI;19.21.0016.0041461/2025-64;;;;;
103/2025;FPDC;19.21.0016.0023279/2025-61;;;;;
104/2025;FPDC;19.21.0016.0023279/2025-61;;;;;
105/2025;FPDC;19.21.0016.0023279/2025-61;;;;;
106/2025;FPDC;19.21.0016.0023279/2025-61;;;;;
107/2025;FPDC;19.21.0016.0023279/2025-61;;;;;
108/2025;FMMP/PI;19.21.0431.0038820/2025-59;;;;;
109/2025;PGJ;19.21.0016.0023256/2025-03;;;;;
110/2025;FMMP/PI;19.21.0431.0041278/2025-41;;;;;
111/2025;PGJ;19.21.0011.0018136/2025-93;01/12/2025;02/12/2025;01/12/2025;02/12/2025;02/12/2025
112/2025;FMMP/PI;19.21.0016.0043527/2025-57;;;;;
113/2025;FMMP/PI;19.21.0016.0043501/2025-80;O CONTRATADO NÃO ASSINOU O CONTRATO;;;;
114/2025;FPDC;19.21.0364.0036057/2025-05;;;;;
115/2025;FPDC;19.21.0016.0002834/2025-49;;;;;
116/2025;FMMP/PI;19.21.0412.0038985/2025-60;11/12/2025;15/12/2025;NÃO CADASTRADO;15/12/2025;15/12/2025
117/2025;FMMP/PI;19.21.0431.0044854/2025-04;;;;;
118/2025;FMMP/PI;19.21.0431.0043934/2025-12;;;;;
119/2025;FMMP/PI;19.21.0431.0044563/2025-04;;;;;
120/2025;FMMP/PI;19.21.0016.0043009/2025-75;;;;;
121/2025;FPDC;19.21.0010.0045055/2025-19;;;;;
122/2025;FMMP/PI;19.21.0431.0044630/2025-38;07/01/2026;12/01/2026;13/01/2026;13/01/2026;13/01/2026
